--
-- Base de données : `aquarium`
--

-- --------------------------------------------------------

--
-- Structure de la table `fishtank`
--

CREATE TABLE `fishtank` (
  `fishtank_id` mediumint(9) NOT NULL,
  `fishtank_name` text NOT NULL,
  `fishtank_picture` text NOT NULL,
  `fishtank_overview` text NOT NULL,
  `fishtank_start` int(11) NOT NULL
) ENGINE=MyISAM DEFAULT CHARSET=latin1;

--
-- Déchargement des données de la table `fishtank`
--

INSERT INTO `fishtank` (`fishtank_id`, `fishtank_name`, `fishtank_picture`, `fishtank_overview`, `fishtank_start`) VALUES
(1, 'Salon', 'agrimony.jpg', '', 1494655200);

-- --------------------------------------------------------

--
-- Structure de la table `sensor`
--

CREATE TABLE `sensor` (
  `id` int(11) NOT NULL,
  `type` varchar(255) NOT NULL,
  `name` varchar(255) NOT NULL,
  `min` decimal(4,1) NOT NULL,
  `max` decimal(4,1) NOT NULL,
  `min0` decimal(4,1) NOT NULL,
  `max0` decimal(4,1) NOT NULL
) ENGINE=MyISAM DEFAULT CHARSET=latin1;

--
-- Déchargement des données de la table `sensor`
--

INSERT INTO `sensor` (`id`, `type`, `name`, `min`, `max`, `min0`, `max0`) VALUES
(1, 'Temp', 'Air', 10.0, 13.4, 23.4, 30.0),
(2, 'Temp', 'Eau', 10.9, 11.3, 14.6, 17.1),
(3, 'Ph', 'pH', 4.2, 6.5, 0.9, 4.1),
(4, 'Level', 'Aquarium', 125.0, 125.0, 110.0, 110.0);

-- --------------------------------------------------------

--
-- Structure de la table `users`
--

CREATE TABLE `users` (
  `id` int(11) NOT NULL,
  `username` text NOT NULL,
  `password` text NOT NULL,
  `email` text NOT NULL,
  `trn_date` text NOT NULL
) ENGINE=MyISAM DEFAULT CHARSET=latin1;

-- --------------------------------------------------------

--
-- Structure de la table `value`
--

CREATE TABLE `value` (
  `id` int(11) NOT NULL,
  `id_sensor` int(11) NOT NULL,
  `timestamp` int(11) NOT NULL,
  `value` float NOT NULL
) ENGINE=MyISAM DEFAULT CHARSET=latin1;

--
-- Déchargement des données de la table `value`
--

INSERT INTO `value` (`id`, `id_sensor`, `timestamp`, `value`) VALUES
(120509, 1, 1514842801, 20.8),
(120510, 2, 1514842801, 25.9),
(120511, 3, 1514842803, 7.02),
(120512, 4, 1514842804, 98),
(120513, 1, 1514843101, 20.9),
(120514, 2, 1514843101, 26),
(120515, 3, 1514843104, 7.02),
(120516, 4, 1514843105, 98),
(120517, 1, 1514843401, 20.8),
(120518, 2, 1514843401, 26),
(120519, 3, 1514843403, 7.02),
(120520, 4, 1514843404, 98),
(120521, 1, 1514843701, 20.8),
(120522, 2, 1514843701, 26),
(120523, 3, 1514843703, 7),
(120524, 4, 1514843705, 98),
(120525, 1, 1514844001, 20.8),
(120526, 2, 1514844001, 25.9),
(120527, 3, 1514844003, 7.02),
(120528, 4, 1514844004, 98),
(120529, 1, 1514844301, 20.8),
(120530, 2, 1514844301, 25.9),
(120531, 3, 1514844303, 7.02),
(120532, 4, 1514844304, 98),
(120533, 1, 1514844601, 20.8),
(120534, 2, 1514844601, 25.9),
(120535, 3, 1514844603, 7.01),
(120536, 4, 1514844605, 98),
(120537, 1, 1514844902, 20.8),
(120538, 2, 1514844902, 25.9),
(120539, 3, 1514844904, 7.02),
(120540, 4, 1514844905, 98),
(120541, 1, 1514845201, 20.8),
(120542, 2, 1514845201, 25.9),
(120543, 3, 1514845203, 7.01),
(120544, 4, 1514845204, 98),
(120545, 1, 1514845501, 20.8),
(120546, 2, 1514845501, 25.9),
(120547, 3, 1514845503, 7.02),
(120548, 4, 1514845504, 98),
(120549, 1, 1514845801, 20.8),
(120550, 2, 1514845801, 25.9),
(120551, 3, 1514845803, 7.03),
(120552, 4, 1514845805, 98),
(120553, 1, 1514846101, 20.8),
(120554, 2, 1514846101, 25.9),
(120555, 3, 1514846104, 7.03),
(120556, 4, 1514846105, 98),
(120557, 1, 1514846401, 20.8),
(120558, 2, 1514846401, 25.9),
(120559, 3, 1514846403, 7.03),
(120560, 4, 1514846404, 98),
(120561, 1, 1514846701, 20.8),
(120562, 2, 1514846701, 25.9),
(120563, 3, 1514846703, 7.04),
(120564, 4, 1514846705, 98),
(120565, 1, 1514847002, 20.8),
(120566, 2, 1514847002, 25.9),
(120567, 3, 1514847004, 7.03),
(120568, 4, 1514847005, 98),
(120569, 1, 1514847301, 20.8),
(120570, 2, 1514847301, 25.9),
(120571, 3, 1514847303, 7.03),
(120572, 4, 1514847304, 98),
(120573, 1, 1514847601, 20.8),
(120574, 2, 1514847601, 25.9),
(120575, 3, 1514847604, 7.04),
(120576, 4, 1514847605, 98),
(120577, 1, 1514847901, 20.8),
(120578, 2, 1514847901, 25.9),
(120579, 3, 1514847903, 7.04),
(120580, 4, 1514847905, 98),
(120581, 1, 1514848202, 20.8),
(120582, 2, 1514848202, 25.9),
(120583, 3, 1514848204, 7.04),
(120584, 4, 1514848205, 98),
(120585, 1, 1514848501, 20.8),
(120586, 2, 1514848501, 25.9),
(120587, 3, 1514848503, 7.04),
(120588, 4, 1514848504, 98),
(120589, 1, 1514848801, 20.8),
(120590, 2, 1514848801, 25.9),
(120591, 3, 1514848803, 7.05),
(120592, 4, 1514848805, 98),
(120593, 1, 1514849102, 20.8),
(120594, 2, 1514849102, 25.9),
(120595, 3, 1514849104, 7.03),
(120596, 4, 1514849105, 98),
(120597, 1, 1514849401, 20.8),
(120598, 2, 1514849401, 25.9),
(120599, 3, 1514849403, 7.04),
(120600, 4, 1514849404, 98),
(120601, 1, 1514849701, 20.8),
(120602, 2, 1514849701, 25.9),
(120603, 3, 1514849703, 7.04),
(120604, 4, 1514849704, 98),
(120605, 1, 1514850001, 20.8),
(120606, 2, 1514850001, 25.9),
(120607, 3, 1514850003, 7.05),
(120608, 4, 1514850005, 98),
(120609, 1, 1514850301, 20.8),
(120610, 2, 1514850301, 25.9),
(120611, 3, 1514850303, 7.04),
(120612, 4, 1514850304, 98),
(120613, 1, 1514850601, 20.8),
(120614, 2, 1514850601, 25.9),
(120615, 3, 1514850603, 7.04),
(120616, 4, 1514850604, 98),
(120617, 1, 1514850901, 20.8),
(120618, 2, 1514850901, 25.9),
(120619, 3, 1514850903, 7.04),
(120620, 4, 1514850905, 98),
(120621, 1, 1514851202, 20.8),
(120622, 2, 1514851202, 25.9),
(120623, 3, 1514851204, 7.01),
(120624, 4, 1514851205, 98),
(120625, 1, 1514851501, 20.8),
(120626, 2, 1514851501, 25.9),
(120627, 3, 1514851503, 7.03),
(120628, 4, 1514851504, 98),
(120629, 1, 1514851801, 20.8),
(120630, 2, 1514851801, 25.9),
(120631, 3, 1514851803, 7.01),
(120632, 4, 1514851804, 98),
(120633, 1, 1514852101, 20.8),
(120634, 2, 1514852101, 25.9),
(120635, 3, 1514852103, 7.02),
(120636, 4, 1514852105, 98),
(120637, 1, 1514852402, 20.8),
(120638, 2, 1514852402, 25.9),
(120639, 3, 1514852404, 7.01),
(120640, 4, 1514852405, 98),
(120641, 1, 1514852701, 20.8),
(120642, 2, 1514852701, 25.9),
(120643, 3, 1514852703, 7.03),
(120644, 4, 1514852704, 98),
(120645, 1, 1514853001, 20.8),
(120646, 2, 1514853001, 25.9),
(120647, 3, 1514853003, 7.03),
(120648, 4, 1514853005, 98),
(120649, 1, 1514853301, 20.8),
(120650, 2, 1514853301, 25.9),
(120651, 3, 1514853304, 7.04),
(120652, 4, 1514853306, 98),
(120653, 1, 1514853602, 20.8),
(120654, 2, 1514853602, 25.9),
(120655, 3, 1514853604, 7.03),
(120656, 4, 1514853605, 97),
(120657, 1, 1514853901, 20.8),
(120658, 2, 1514853901, 25.9),
(120659, 3, 1514853903, 7.05),
(120660, 4, 1514853904, 98),
(120661, 1, 1514854201, 20.8),
(120662, 2, 1514854201, 25.9),
(120663, 3, 1514854203, 7.04),
(120664, 4, 1514854205, 97),
(120665, 1, 1514854501, 20.8),
(120666, 2, 1514854501, 25.9),
(120667, 3, 1514854503, 7.03),
(120668, 4, 1514854505, 98),
(120669, 1, 1514854801, 20.8),
(120670, 2, 1514854801, 25.9),
(120671, 3, 1514854803, 7.05),
(120672, 4, 1514854804, 98),
(120673, 1, 1514855101, 20.8),
(120674, 2, 1514855101, 25.9),
(120675, 3, 1514855103, 7.05),
(120676, 4, 1514855104, 97),
(120677, 1, 1514855401, 20.8),
(120678, 2, 1514855401, 25.9),
(120679, 3, 1514855403, 7.05),
(120680, 4, 1514855405, 97),
(120681, 1, 1514855702, 20.8),
(120682, 2, 1514855702, 25.9),
(120683, 3, 1514855704, 7.06),
(120684, 4, 1514855705, 98),
(120685, 1, 1514856001, 20.8),
(120686, 2, 1514856001, 25.9),
(120687, 3, 1514856003, 7.04),
(120688, 4, 1514856004, 97),
(120689, 1, 1514856301, 20.8),
(120690, 2, 1514856301, 25.9),
(120691, 3, 1514856303, 7.05),
(120692, 4, 1514856304, 98),
(120693, 1, 1514856601, 20.8),
(120694, 2, 1514856601, 25.9),
(120695, 3, 1514856603, 7.05),
(120696, 4, 1514856605, 98),
(120697, 1, 1514856902, 20.8),
(120698, 2, 1514856902, 25.9),
(120699, 3, 1514856904, 7.05),
(120700, 4, 1514856905, 97),
(120701, 1, 1514857201, 20.8),
(120702, 2, 1514857201, 25.9),
(120703, 3, 1514857203, 7.04),
(120704, 4, 1514857204, 98),
(120705, 1, 1514857501, 20.8),
(120706, 2, 1514857501, 25.9),
(120707, 3, 1514857504, 7.03),
(120708, 4, 1514857505, 98),
(120709, 1, 1514857801, 20.8),
(120710, 2, 1514857801, 25.9),
(120711, 3, 1514857803, 7.03),
(120712, 4, 1514857805, 98),
(120713, 1, 1514858101, 20.8),
(120714, 2, 1514858101, 25.9),
(120715, 3, 1514858103, 7.03),
(120716, 4, 1514858104, 97),
(120717, 1, 1514858401, 20.8),
(120718, 2, 1514858401, 25.9),
(120719, 3, 1514858403, 7.04),
(120720, 4, 1514858404, 97),
(120721, 1, 1514858701, 20.8),
(120722, 2, 1514858701, 25.9),
(120723, 3, 1514858703, 7.02),
(120724, 4, 1514858705, 98),
(120725, 1, 1514859002, 20.8),
(120726, 2, 1514859002, 25.9),
(120727, 3, 1514859004, 7.03),
(120728, 4, 1514859005, 97),
(120729, 1, 1514859301, 20.8),
(120730, 2, 1514859301, 25.9),
(120731, 3, 1514859303, 7.03),
(120732, 4, 1514859304, 97),
(120733, 1, 1514859601, 20.8),
(120734, 2, 1514859601, 25.9),
(120735, 3, 1514859603, 7.02),
(120736, 4, 1514859605, 97),
(120737, 1, 1514859902, 20.8),
(120738, 2, 1514859902, 25.9),
(120739, 3, 1514859904, 7.02),
(120740, 4, 1514859905, 98),
(120741, 1, 1514860201, 20.8),
(120742, 2, 1514860201, 25.9),
(120743, 3, 1514860203, 7.02),
(120744, 4, 1514860204, 98),
(120745, 1, 1514860501, 20.8),
(120746, 2, 1514860501, 25.9),
(120747, 3, 1514860503, 7.03),
(120748, 4, 1514860504, 97),
(120749, 1, 1514860801, 20.8),
(120750, 2, 1514860801, 25.9),
(120751, 3, 1514860803, 7.03),
(120752, 4, 1514860805, 97),
(120753, 1, 1514861102, 20.8),
(120754, 2, 1514861102, 25.9),
(120755, 3, 1514861104, 7.02),
(120756, 4, 1514861105, 97),
(120757, 1, 1514861401, 20.8),
(120758, 2, 1514861401, 25.9),
(120759, 3, 1514861403, 7.03),
(120760, 4, 1514861404, 97),
(120761, 1, 1514861701, 20.8),
(120762, 2, 1514861701, 25.9),
(120763, 3, 1514861703, 7.04),
(120764, 4, 1514861705, 97),
(120765, 1, 1514862002, 20.8),
(120766, 2, 1514862002, 25.9),
(120767, 3, 1514862004, 7.04),
(120768, 4, 1514862005, 97),
(120769, 1, 1514862301, 20.8),
(120770, 2, 1514862301, 25.9),
(120771, 3, 1514862303, 7.03),
(120772, 4, 1514862304, 97),
(120773, 1, 1514862601, 20.8),
(120774, 2, 1514862601, 25.9),
(120775, 3, 1514862603, 7.04),
(120776, 4, 1514862604, 98),
(120777, 1, 1514862901, 20.8),
(120778, 2, 1514862901, 25.9),
(120779, 3, 1514862903, 7.05),
(120780, 4, 1514862905, 97),
(120781, 1, 1514863202, 20.8),
(120782, 2, 1514863202, 25.9),
(120783, 3, 1514863204, 7.04),
(120784, 4, 1514863205, 97),
(120785, 1, 1514863501, 20.8),
(120786, 2, 1514863501, 25.9),
(120787, 3, 1514863503, 7.05),
(120788, 4, 1514863504, 97),
(120789, 1, 1514863801, 20.8),
(120790, 2, 1514863801, 25.9),
(120791, 3, 1514863803, 7.06),
(120792, 4, 1514863804, 97),
(120793, 1, 1514864101, 20.8),
(120794, 2, 1514864101, 25.9),
(120795, 3, 1514864103, 7.06),
(120796, 4, 1514864105, 97),
(120797, 1, 1514864402, 20.8),
(120798, 2, 1514864402, 25.9),
(120799, 3, 1514864404, 7.06),
(120800, 4, 1514864405, 97),
(120801, 1, 1514864701, 20.8),
(120802, 2, 1514864701, 25.9),
(120803, 3, 1514864703, 7.05),
(120804, 4, 1514864704, 97),
(120805, 1, 1514865001, 20.8),
(120806, 2, 1514865001, 25.9),
(120807, 3, 1514865003, 7.06),
(120808, 4, 1514865004, 97),
(120809, 1, 1514865301, 20.8),
(120810, 2, 1514865301, 25.9),
(120811, 3, 1514865303, 7.05),
(120812, 4, 1514865305, 97),
(120813, 1, 1514865601, 20.8),
(120814, 2, 1514865601, 25.9),
(120815, 3, 1514865603, 7.06),
(120816, 4, 1514865604, 97),
(120817, 1, 1514865901, 20.8),
(120818, 2, 1514865901, 25.9),
(120819, 3, 1514865903, 7.05),
(120820, 4, 1514865904, 97),
(120821, 1, 1514866201, 20.8),
(120822, 2, 1514866201, 25.9),
(120823, 3, 1514866203, 7.05),
(120824, 4, 1514866205, 97),
(120825, 1, 1514866502, 20.8),
(120826, 2, 1514866502, 25.9),
(120827, 3, 1514866504, 7.05),
(120828, 4, 1514866505, 97),
(120829, 1, 1514866801, 20.8),
(120830, 2, 1514866801, 25.9),
(120831, 3, 1514866803, 7.04),
(120832, 4, 1514866804, 97),
(120833, 1, 1514867101, 20.8),
(120834, 2, 1514867101, 25.9),
(120835, 3, 1514867103, 7.05),
(120836, 4, 1514867105, 97),
(120837, 1, 1514867402, 20.8),
(120838, 2, 1514867402, 25.9),
(120839, 3, 1514867404, 7.03),
(120840, 4, 1514867405, 97),
(120841, 1, 1514867701, 20.8),
(120842, 2, 1514867701, 25.9),
(120843, 3, 1514867703, 7.04),
(120844, 4, 1514867704, 97),
(120845, 1, 1514868001, 20.8),
(120846, 2, 1514868001, 25.9),
(120847, 3, 1514868003, 7.04),
(120848, 4, 1514868004, 97),
(120849, 1, 1514868301, 20.8),
(120850, 2, 1514868301, 25.9),
(120851, 3, 1514868303, 7.04),
(120852, 4, 1514868305, 97),
(120853, 1, 1514868602, 20.8),
(120854, 2, 1514868602, 25.9),
(120855, 3, 1514868604, 7.02),
(120856, 4, 1514868605, 97),
(120857, 1, 1514868901, 20.8),
(120858, 2, 1514868901, 25.9),
(120859, 3, 1514868903, 7.04),
(120860, 4, 1514868904, 97),
(120861, 1, 1514869201, 20.8),
(120862, 2, 1514869201, 25.9),
(120863, 3, 1514869203, 7.04),
(120864, 4, 1514869205, 97),
(120865, 1, 1514869501, 20.8),
(120866, 2, 1514869501, 25.9),
(120867, 3, 1514869503, 7.05),
(120868, 4, 1514869505, 97),
(120869, 1, 1514869801, 20.8),
(120870, 2, 1514869801, 25.9),
(120871, 3, 1514869803, 7.04),
(120872, 4, 1514869804, 97),
(120873, 1, 1514870101, 20.8),
(120874, 2, 1514870101, 25.9),
(120875, 3, 1514870103, 7.05),
(120876, 4, 1514870104, 97),
(120877, 1, 1514870401, 20.8),
(120878, 2, 1514870401, 25.9),
(120879, 3, 1514870403, 7.05),
(120880, 4, 1514870405, 97),
(120881, 1, 1514870702, 20.8),
(120882, 2, 1514870702, 25.9),
(120883, 3, 1514870704, 7.02),
(120884, 4, 1514870705, 97),
(120885, 1, 1514871001, 20.8),
(120886, 2, 1514871001, 25.9),
(120887, 3, 1514871003, 7.07),
(120888, 4, 1514871004, 97),
(120889, 1, 1514871301, 20.8),
(120890, 2, 1514871301, 25.9),
(120891, 3, 1514871303, 7.05),
(120892, 4, 1514871305, 97),
(120893, 1, 1514871602, 20.8),
(120894, 2, 1514871602, 25.9),
(120895, 3, 1514871604, 7.07),
(120896, 4, 1514871605, 97),
(120897, 1, 1514871901, 20.8),
(120898, 2, 1514871901, 25.9),
(120899, 3, 1514871903, 7.06),
(120900, 4, 1514871904, 97),
(120901, 1, 1514872201, 20.8),
(120902, 2, 1514872201, 25.9),
(120903, 3, 1514872203, 7.07),
(120904, 4, 1514872204, 97),
(120905, 1, 1514872501, 20.8),
(120906, 2, 1514872501, 25.9),
(120907, 3, 1514872504, 7.05),
(120908, 4, 1514872505, 97),
(120909, 1, 1514872801, 20.8),
(120910, 2, 1514872801, 25.9),
(120911, 3, 1514872804, 7.05),
(120912, 4, 1514872805, 97),
(120913, 1, 1514873101, 20.7),
(120914, 2, 1514873101, 25.9),
(120915, 3, 1514873104, 7.06),
(120916, 4, 1514873105, 97),
(120917, 1, 1514873401, 20.8),
(120918, 2, 1514873401, 25.9),
(120919, 3, 1514873403, 7.04),
(120920, 4, 1514873404, 97),
(120921, 1, 1514873701, 20.8),
(120922, 2, 1514873701, 25.9),
(120923, 3, 1514873703, 7.05),
(120924, 4, 1514873705, 98),
(120925, 1, 1514874002, 20.7),
(120926, 2, 1514874002, 25.9),
(120927, 3, 1514874004, 7.05),
(120928, 4, 1514874005, 97),
(120929, 1, 1514874301, 20.8),
(120930, 2, 1514874301, 25.8),
(120931, 3, 1514874303, 7.04),
(120932, 4, 1514874304, 97),
(120933, 1, 1514874601, 20.7),
(120934, 2, 1514874601, 25.9),
(120935, 3, 1514874603, 7.04),
(120936, 4, 1514874604, 97),
(120937, 1, 1514874901, 20.8),
(120938, 2, 1514874901, 25.9),
(120939, 3, 1514874903, 7.03),
(120940, 4, 1514874905, 97),
(120941, 1, 1514875202, 20.7),
(120942, 2, 1514875202, 25.8),
(120943, 3, 1514875204, 7.03),
(120944, 4, 1514875205, 97),
(120945, 1, 1514875501, 20.7),
(120946, 2, 1514875501, 25.8),
(120947, 3, 1514875503, 7.03),
(120948, 4, 1514875504, 97),
(120949, 1, 1514875801, 20.7),
(120950, 2, 1514875801, 25.8),
(120951, 3, 1514875803, 7.04),
(120952, 4, 1514875804, 97),
(120953, 1, 1514876101, 20.7),
(120954, 2, 1514876101, 25.9),
(120955, 3, 1514876103, 7.04),
(120956, 4, 1514876105, 97),
(120957, 1, 1514876402, 20.7),
(120958, 2, 1514876402, 25.9),
(120959, 3, 1514876404, 7.03),
(120960, 4, 1514876405, 97),
(120961, 1, 1514876701, 20.7),
(120962, 2, 1514876701, 25.8),
(120963, 3, 1514876703, 7.04),
(120964, 4, 1514876704, 97),
(120965, 1, 1514877001, 20.7),
(120966, 2, 1514877001, 25.8),
(120967, 3, 1514877003, 7.04),
(120968, 4, 1514877005, 97),
(120969, 1, 1514877302, 20.6),
(120970, 2, 1514877302, 25.8),
(120971, 3, 1514877304, 7.03),
(120972, 4, 1514877305, 97),
(120973, 1, 1514877601, 20.7),
(120974, 2, 1514877601, 25.9),
(120975, 3, 1514877603, 7.05),
(120976, 4, 1514877604, 97),
(120977, 1, 1514877901, 20.6),
(120978, 2, 1514877901, 25.9),
(120979, 3, 1514877903, 7.05),
(120980, 4, 1514877905, 97),
(120981, 1, 1514878202, 20.6),
(120982, 2, 1514878202, 25.9),
(120983, 3, 1514878204, 7.06),
(120984, 4, 1514878205, 97),
(120985, 1, 1514878501, 20.6),
(120986, 2, 1514878501, 25.9),
(120987, 3, 1514878503, 7.07),
(120988, 4, 1514878504, 97),
(120989, 1, 1514878801, 20.6),
(120990, 2, 1514878801, 25.8),
(120991, 3, 1514878803, 7.05),
(120992, 4, 1514878804, 97),
(120993, 1, 1514879101, 20.6),
(120994, 2, 1514879101, 25.9),
(120995, 3, 1514879103, 7.06),
(120996, 4, 1514879105, 97),
(120997, 1, 1514879402, 20.6),
(120998, 2, 1514879402, 25.9),
(120999, 3, 1514879404, 7.07),
(121000, 4, 1514879405, 97),
(121001, 1, 1514879701, 20.7),
(121002, 2, 1514879701, 25.9),
(121003, 3, 1514879703, 7.06),
(121004, 4, 1514879704, 97),
(121005, 1, 1514880001, 20.7),
(121006, 2, 1514880001, 25.8),
(121007, 3, 1514880003, 7.07),
(121008, 4, 1514880004, 97),
(121009, 1, 1514880301, 20.7),
(121010, 2, 1514880301, 25.8),
(121011, 3, 1514880304, 7.06),
(121012, 4, 1514880306, 97),
(121013, 1, 1514880602, 20.7),
(121014, 2, 1514880602, 25.8),
(121015, 3, 1514880604, 7.05),
(121016, 4, 1514880605, 97),
(121017, 1, 1514880901, 20.6),
(121018, 2, 1514880901, 25.9),
(121019, 3, 1514880903, 7.07),
(121020, 4, 1514880904, 97),
(121021, 1, 1514881201, 20.7),
(121022, 2, 1514881201, 25.9),
(121023, 3, 1514881203, 7.07),
(121024, 4, 1514881204, 97),
(121025, 1, 1514881501, 20.7),
(121026, 2, 1514881501, 25.9),
(121027, 3, 1514881503, 7.05),
(121028, 4, 1514881505, 97),
(121029, 1, 1514881802, 20.7),
(121030, 2, 1514881802, 25.9),
(121031, 3, 1514881804, 7.06),
(121032, 4, 1514881805, 97),
(121033, 1, 1514882101, 20.7),
(121034, 2, 1514882101, 25.8),
(121035, 3, 1514882103, 7.05),
(121036, 4, 1514882104, 97),
(121037, 1, 1514882401, 20.7),
(121038, 2, 1514882401, 25.9),
(121039, 3, 1514882403, 7.05),
(121040, 4, 1514882405, 97),
(121041, 1, 1514882701, 20.7),
(121042, 2, 1514882701, 25.9),
(121043, 3, 1514882704, 7.06),
(121044, 4, 1514882705, 97),
(121045, 1, 1514883001, 20.7),
(121046, 2, 1514883001, 25.9),
(121047, 3, 1514883003, 7.04),
(121048, 4, 1514883004, 97),
(121049, 1, 1514883301, 20.7),
(121050, 2, 1514883301, 25.9),
(121051, 3, 1514883303, 7.05),
(121052, 4, 1514883304, 97),
(121053, 1, 1514883601, 20.7),
(121054, 2, 1514883601, 25.9),
(121055, 3, 1514883603, 7.04),
(121056, 4, 1514883605, 97),
(121057, 1, 1514883902, 20.7),
(121058, 2, 1514883902, 25.9),
(121059, 3, 1514883904, 7.04),
(121060, 4, 1514883905, 97),
(121061, 1, 1514884201, 20.7),
(121062, 2, 1514884201, 25.9),
(121063, 3, 1514884203, 7.04),
(121064, 4, 1514884204, 97),
(121065, 1, 1514884501, 20.7),
(121066, 2, 1514884501, 25.9),
(121067, 3, 1514884504, 7.02),
(121068, 4, 1514884505, 97),
(121069, 1, 1514884802, 20.7),
(121070, 2, 1514884802, 25.9),
(121071, 3, 1514884804, 7.04),
(121072, 4, 1514884805, 97),
(121073, 1, 1514885101, 20.7),
(121074, 2, 1514885101, 25.9),
(121075, 3, 1514885103, 7.02),
(121076, 4, 1514885104, 97),
(121077, 1, 1514885401, 20.7),
(121078, 2, 1514885401, 25.9),
(121079, 3, 1514885403, 7.02),
(121080, 4, 1514885404, 97),
(121081, 1, 1514885701, 20.8),
(121082, 2, 1514885701, 25.9),
(121083, 3, 1514885703, 7.03),
(121084, 4, 1514885705, 97),
(121085, 1, 1514886002, 20.7),
(121086, 2, 1514886002, 25.9),
(121087, 3, 1514886004, 7.03),
(121088, 4, 1514886005, 97),
(121089, 1, 1514886301, 20.8),
(121090, 2, 1514886301, 25.9),
(121091, 3, 1514886303, 7.02),
(121092, 4, 1514886304, 97),
(121093, 1, 1514886601, 20.8),
(121094, 2, 1514886601, 25.9),
(121095, 3, 1514886603, 7.01),
(121096, 4, 1514886604, 97),
(121097, 1, 1514886901, 20.8),
(121098, 2, 1514886901, 25.9),
(121099, 3, 1514886903, 7.02),
(121100, 4, 1514886905, 97),
(121101, 1, 1514887201, 20.8),
(121102, 2, 1514887201, 25.9),
(121103, 3, 1514887203, 7.03),
(121104, 4, 1514887204, 97),
(121105, 1, 1514887501, 20.8),
(121106, 2, 1514887501, 25.9),
(121107, 3, 1514887503, 7.02),
(121108, 4, 1514887504, 97),
(121109, 1, 1514887801, 20.8),
(121110, 2, 1514887801, 25.9),
(121111, 3, 1514887803, 7.03),
(121112, 4, 1514887805, 97),
(121113, 1, 1514888102, 20.8),
(121114, 2, 1514888102, 25.9),
(121115, 3, 1514888104, 7.01),
(121116, 4, 1514888105, 97),
(121117, 1, 1514888401, 20.8),
(121118, 2, 1514888401, 25.9),
(121119, 3, 1514888403, 7.03),
(121120, 4, 1514888404, 97),
(121121, 1, 1514888701, 20.8),
(121122, 2, 1514888701, 25.9),
(121123, 3, 1514888703, 7.01),
(121124, 4, 1514888704, 97),
(121125, 1, 1514889001, 20.8),
(121126, 2, 1514889001, 25.9),
(121127, 3, 1514889003, 7.01),
(121128, 4, 1514889005, 97),
(121129, 1, 1514889302, 20.8),
(121130, 2, 1514889302, 25.9),
(121131, 3, 1514889304, 7.01),
(121132, 4, 1514889305, 97),
(121133, 1, 1514889601, 20.8),
(121134, 2, 1514889601, 25.9),
(121135, 3, 1514889603, 7.01),
(121136, 4, 1514889604, 97),
(121137, 1, 1514889901, 20.8),
(121138, 2, 1514889901, 25.9),
(121139, 3, 1514889903, 7.01),
(121140, 4, 1514889905, 97),
(121141, 1, 1514890202, 20.8),
(121142, 2, 1514890202, 25.9),
(121143, 3, 1514890204, 7.01),
(121144, 4, 1514890205, 97),
(121145, 1, 1514890501, 20.8),
(121146, 2, 1514890501, 25.9),
(121147, 3, 1514890503, 7.03),
(121148, 4, 1514890504, 97),
(121149, 1, 1514890801, 20.8),
(121150, 2, 1514890801, 25.9),
(121151, 3, 1514890803, 7.03),
(121152, 4, 1514890804, 97),
(121153, 1, 1514891101, 20.8),
(121154, 2, 1514891101, 25.9),
(121155, 3, 1514891103, 7.02),
(121156, 4, 1514891105, 97),
(121157, 1, 1514891401, 20.8),
(121158, 2, 1514891401, 25.9),
(121159, 3, 1514891403, 7.02),
(121160, 4, 1514891404, 97),
(121161, 1, 1514891701, 20.8),
(121162, 2, 1514891701, 25.9),
(121163, 3, 1514891703, 7.02),
(121164, 4, 1514891704, 97),
(121165, 1, 1514892001, 20.8),
(121166, 2, 1514892001, 25.9),
(121167, 3, 1514892003, 7.01),
(121168, 4, 1514892005, 97),
(121169, 1, 1514892302, 20.8),
(121170, 2, 1514892302, 25.9),
(121171, 3, 1514892304, 7.02),
(121172, 4, 1514892305, 97),
(121173, 1, 1514892601, 20.8),
(121174, 2, 1514892601, 26),
(121175, 3, 1514892603, 7.01),
(121176, 4, 1514892604, 97),
(121177, 1, 1514892901, 20.8),
(121178, 2, 1514892901, 25.9),
(121179, 3, 1514892903, 7.01),
(121180, 4, 1514892904, 97),
(121181, 1, 1514893201, 20.8),
(121182, 2, 1514893201, 25.9),
(121183, 3, 1514893203, 7.01),
(121184, 4, 1514893205, 97),
(121185, 1, 1514893501, 20.8),
(121186, 2, 1514893501, 25.9),
(121187, 3, 1514893503, 7.01),
(121188, 4, 1514893504, 97),
(121189, 1, 1514893801, 20.8),
(121190, 2, 1514893801, 26),
(121191, 3, 1514893803, 7.02),
(121192, 4, 1514893804, 97),
(121193, 1, 1514894101, 20.8),
(121194, 2, 1514894101, 26),
(121195, 3, 1514894103, 7.01),
(121196, 4, 1514894105, 97),
(121197, 1, 1514894402, 20.8),
(121198, 2, 1514894402, 26),
(121199, 3, 1514894404, 7.01),
(121200, 4, 1514894405, 97),
(121201, 1, 1514894701, 20.8),
(121202, 2, 1514894701, 26.1),
(121203, 3, 1514894703, 7.03),
(121204, 4, 1514894704, 97),
(121205, 1, 1514895001, 20.8),
(121206, 2, 1514895001, 26),
(121207, 3, 1514895003, 7.01),
(121208, 4, 1514895004, 97),
(121209, 1, 1514895301, 20.8),
(121210, 2, 1514895301, 26),
(121211, 3, 1514895303, 7.02),
(121212, 4, 1514895305, 97),
(121213, 1, 1514895601, 20.8),
(121214, 2, 1514895601, 26),
(121215, 3, 1514895603, 7),
(121216, 4, 1514895604, 97),
(121217, 1, 1514895901, 20.8),
(121218, 2, 1514895901, 26.1),
(121219, 3, 1514895903, 7),
(121220, 4, 1514895904, 97),
(121221, 1, 1514896201, 20.8),
(121222, 2, 1514896201, 26.1),
(121223, 3, 1514896203, 7.01),
(121224, 4, 1514896205, 97),
(121225, 1, 1514896502, 20.8),
(121226, 2, 1514896502, 26),
(121227, 3, 1514896504, 7.02),
(121228, 4, 1514896505, 97),
(121229, 1, 1514896801, 20.8),
(121230, 2, 1514896801, 26),
(121231, 3, 1514896803, 7.01),
(121232, 4, 1514896804, 97),
(121233, 1, 1514897101, 20.9),
(121234, 2, 1514897101, 26.1),
(121235, 3, 1514897103, 7),
(121236, 4, 1514897104, 97),
(121237, 1, 1514897401, 20.9),
(121238, 2, 1514897401, 26.1),
(121239, 3, 1514897403, 7),
(121240, 4, 1514897405, 97),
(121241, 1, 1514897701, 20.8),
(121242, 2, 1514897701, 26),
(121243, 3, 1514897703, 6.99),
(121244, 4, 1514897704, 97),
(121245, 1, 1514898001, 20.8),
(121246, 2, 1514898001, 26),
(121247, 3, 1514898003, 7.01),
(121248, 4, 1514898004, 97),
(121249, 1, 1514898301, 20.9),
(121250, 2, 1514898301, 26.1),
(121251, 3, 1514898303, 7.01),
(121252, 4, 1514898305, 97),
(121253, 1, 1514898602, 20.9),
(121254, 2, 1514898602, 26.1),
(121255, 3, 1514898604, 7.02),
(121256, 4, 1514898605, 97),
(121257, 1, 1514898901, 20.9),
(121258, 2, 1514898901, 26),
(121259, 3, 1514898903, 7),
(121260, 4, 1514898904, 97),
(121261, 1, 1514899201, 20.9),
(121262, 2, 1514899201, 26),
(121263, 3, 1514899203, 7.01),
(121264, 4, 1514899205, 97),
(121265, 1, 1514899502, 20.9),
(121266, 2, 1514899502, 26),
(121267, 3, 1514899504, 7.01),
(121268, 4, 1514899505, 97),
(121269, 1, 1514899801, 20.9),
(121270, 2, 1514899801, 26.1),
(121271, 3, 1514899803, 7.02),
(121272, 4, 1514899804, 97),
(121273, 1, 1514900101, 20.9),
(121274, 2, 1514900101, 26.1),
(121275, 3, 1514900103, 7.01),
(121276, 4, 1514900104, 97),
(121277, 1, 1514900401, 20.9),
(121278, 2, 1514900401, 26),
(121279, 3, 1514900404, 7.01),
(121280, 4, 1514900405, 97),
(121281, 1, 1514900701, 20.9),
(121282, 2, 1514900701, 26.1),
(121283, 3, 1514900703, 7),
(121284, 4, 1514900704, 97),
(121285, 1, 1514901001, 20.9),
(121286, 2, 1514901001, 26.1),
(121287, 3, 1514901003, 7.01),
(121288, 4, 1514901004, 97),
(121289, 1, 1514901301, 20.9),
(121290, 2, 1514901301, 26.1),
(121291, 3, 1514901303, 7),
(121292, 4, 1514901304, 97),
(121293, 1, 1514901601, 20.9),
(121294, 2, 1514901601, 26),
(121295, 3, 1514901603, 6.98),
(121296, 4, 1514901605, 97),
(121297, 1, 1514901901, 20.9),
(121298, 2, 1514901901, 26.1),
(121299, 3, 1514901903, 7.03),
(121300, 4, 1514901904, 97),
(121301, 1, 1514902201, 20.9),
(121302, 2, 1514902201, 26.1),
(121303, 3, 1514902203, 7),
(121304, 4, 1514902204, 97),
(121305, 1, 1514902501, 20.9),
(121306, 2, 1514902501, 26.1),
(121307, 3, 1514902503, 7.03),
(121308, 4, 1514902505, 97),
(121309, 1, 1514902802, 20.9),
(121310, 2, 1514902802, 26),
(121311, 3, 1514902804, 7.01),
(121312, 4, 1514902805, 97),
(121313, 1, 1514903101, 20.9),
(121314, 2, 1514903101, 26),
(121315, 3, 1514903103, 7),
(121316, 4, 1514903104, 97),
(121317, 1, 1514903401, 20.9),
(121318, 2, 1514903401, 26.1),
(121319, 3, 1514903403, 7.01),
(121320, 4, 1514903405, 97),
(121321, 1, 1514903702, 20.9),
(121322, 2, 1514903702, 26.1),
(121323, 3, 1514903704, 6.99),
(121324, 4, 1514903705, 97),
(121325, 1, 1514904001, 20.9),
(121326, 2, 1514904001, 26),
(121327, 3, 1514904003, 7.01),
(121328, 4, 1514904004, 97),
(121329, 1, 1514904301, 20.9),
(121330, 2, 1514904301, 26),
(121331, 3, 1514904303, 7.01),
(121332, 4, 1514904305, 97),
(121333, 1, 1514904601, 20.9),
(121334, 2, 1514904601, 26.1),
(121335, 3, 1514904604, 7.01),
(121336, 4, 1514904606, 97),
(121337, 1, 1514904902, 20.9),
(121338, 2, 1514904902, 26.1),
(121339, 3, 1514904904, 7.01),
(121340, 4, 1514904905, 97),
(121341, 1, 1514905201, 20.9),
(121342, 2, 1514905201, 26.1),
(121343, 3, 1514905203, 6.99),
(121344, 4, 1514905204, 97),
(121345, 1, 1514905501, 20.9),
(121346, 2, 1514905501, 26.1),
(121347, 3, 1514905503, 7),
(121348, 4, 1514905504, 97),
(121349, 1, 1514905801, 20.9),
(121350, 2, 1514905801, 26.1),
(121351, 3, 1514905803, 7.01),
(121352, 4, 1514905805, 97),
(121353, 1, 1514906102, 20.9),
(121354, 2, 1514906102, 26.1),
(121355, 3, 1514906104, 7.01),
(121356, 4, 1514906105, 97),
(121357, 1, 1514906401, 20.9),
(121358, 2, 1514906401, 26.1),
(121359, 3, 1514906403, 6.99),
(121360, 4, 1514906404, 97),
(121361, 1, 1514906701, 20.9),
(121362, 2, 1514906701, 26.1),
(121363, 3, 1514906703, 7.01),
(121364, 4, 1514906705, 97),
(121365, 1, 1514907002, 20.9),
(121366, 2, 1514907002, 26.1),
(121367, 3, 1514907004, 7.01),
(121368, 4, 1514907005, 97),
(121369, 1, 1514907301, 20.9),
(121370, 2, 1514907301, 26.1),
(121371, 3, 1514907303, 7),
(121372, 4, 1514907304, 97),
(121373, 1, 1514907601, 20.9),
(121374, 2, 1514907601, 26.1),
(121375, 3, 1514907603, 7),
(121376, 4, 1514907605, 97),
(121377, 1, 1514907902, 20.9),
(121378, 2, 1514907902, 26.1),
(121379, 3, 1514907904, 7),
(121380, 4, 1514907905, 97),
(121381, 1, 1514908201, 20.9),
(121382, 2, 1514908201, 26.1),
(121383, 3, 1514908203, 6.98),
(121384, 4, 1514908204, 97),
(121385, 1, 1514908501, 20.9),
(121386, 2, 1514908501, 26.1),
(121387, 3, 1514908503, 6.99),
(121388, 4, 1514908505, 97),
(121389, 1, 1514908802, 20.9),
(121390, 2, 1514908802, 26.1),
(121391, 3, 1514908804, 7),
(121392, 4, 1514908805, 97),
(121393, 1, 1514909101, 20.9),
(121394, 2, 1514909101, 26.1),
(121395, 3, 1514909103, 6.99),
(121396, 4, 1514909104, 97),
(121397, 1, 1514909401, 20.9),
(121398, 2, 1514909401, 26.1),
(121399, 3, 1514909403, 7),
(121400, 4, 1514909404, 97),
(121401, 1, 1514909701, 20.9),
(121402, 2, 1514909701, 26.2),
(121403, 3, 1514909703, 7),
(121404, 4, 1514909705, 97),
(121405, 1, 1514910001, 20.9),
(121406, 2, 1514910001, 26.2),
(121407, 3, 1514910003, 7.01),
(121408, 4, 1514910004, 97),
(121409, 1, 1514910301, 20.9),
(121410, 2, 1514910301, 26.2),
(121411, 3, 1514910303, 6.99),
(121412, 4, 1514910304, 97),
(121413, 1, 1514910601, 20.9),
(121414, 2, 1514910601, 26.2),
(121415, 3, 1514910604, 7),
(121416, 4, 1514910605, 97),
(121417, 1, 1514910901, 20.9),
(121418, 2, 1514910901, 26.2),
(121419, 3, 1514910903, 7),
(121420, 4, 1514910905, 97),
(121421, 1, 1514911202, 20.9),
(121422, 2, 1514911202, 26.2),
(121423, 3, 1514911204, 6.98),
(121424, 4, 1514911205, 97),
(121425, 1, 1514911501, 20.9),
(121426, 2, 1514911501, 26.2),
(121427, 3, 1514911503, 6.97),
(121428, 4, 1514911504, 97),
(121429, 1, 1514911801, 20.9),
(121430, 2, 1514911801, 26.3),
(121431, 3, 1514911803, 7),
(121432, 4, 1514911805, 97),
(121433, 1, 1514912102, 20.9),
(121434, 2, 1514912102, 26.3),
(121435, 3, 1514912104, 7),
(121436, 4, 1514912105, 97),
(121437, 1, 1514912401, 20.9),
(121438, 2, 1514912401, 26.3),
(121439, 3, 1514912403, 7),
(121440, 4, 1514912404, 97),
(121441, 1, 1514912701, 20.9),
(121442, 2, 1514912701, 26.3),
(121443, 3, 1514912703, 7.01),
(121444, 4, 1514912704, 97),
(121445, 1, 1514913001, 20.9),
(121446, 2, 1514913001, 26.2),
(121447, 3, 1514913003, 7.01),
(121448, 4, 1514913005, 97),
(121449, 1, 1514913301, 20.9),
(121450, 2, 1514913301, 26.3),
(121451, 3, 1514913303, 6.99),
(121452, 4, 1514913304, 97),
(121453, 1, 1514913601, 20.9),
(121454, 2, 1514913601, 26.3),
(121455, 3, 1514913603, 7.01),
(121456, 4, 1514913604, 97),
(121457, 1, 1514913901, 20.9),
(121458, 2, 1514913901, 26.3),
(121459, 3, 1514913903, 7),
(121460, 4, 1514913905, 97),
(121461, 1, 1514914202, 20.9),
(121462, 2, 1514914202, 26.2),
(121463, 3, 1514914204, 7),
(121464, 4, 1514914205, 97),
(121465, 1, 1514914501, 20.9),
(121466, 2, 1514914501, 26.2),
(121467, 3, 1514914503, 6.98),
(121468, 4, 1514914504, 97),
(121469, 1, 1514914801, 20.9),
(121470, 2, 1514914801, 26.3),
(121471, 3, 1514914803, 7),
(121472, 4, 1514914805, 97),
(121473, 1, 1514915102, 20.9),
(121474, 2, 1514915102, 26.2),
(121475, 3, 1514915104, 6.99),
(121476, 4, 1514915105, 97),
(121477, 1, 1514915401, 20.9),
(121478, 2, 1514915401, 26.2),
(121479, 3, 1514915403, 7),
(121480, 4, 1514915404, 97),
(121481, 1, 1514915701, 20.9),
(121482, 2, 1514915701, 26.2),
(121483, 3, 1514915703, 6.98),
(121484, 4, 1514915704, 97),
(121485, 1, 1514916001, 20.9),
(121486, 2, 1514916001, 26.2),
(121487, 3, 1514916003, 6.99),
(121488, 4, 1514916005, 97),
(121489, 1, 1514916301, 20.9),
(121490, 2, 1514916301, 26.2),
(121491, 3, 1514916303, 7),
(121492, 4, 1514916304, 97),
(121493, 1, 1514916601, 20.9),
(121494, 2, 1514916601, 26.1),
(121495, 3, 1514916603, 6.98),
(121496, 4, 1514916604, 97),
(121497, 1, 1514916901, 20.9),
(121498, 2, 1514916901, 26.2),
(121499, 3, 1514916903, 6.99),
(121500, 4, 1514916905, 97),
(121501, 1, 1514917201, 20.9),
(121502, 2, 1514917201, 26.2),
(121503, 3, 1514917203, 6.98),
(121504, 4, 1514917204, 97),
(121505, 1, 1514917501, 20.9),
(121506, 2, 1514917501, 26.2),
(121507, 3, 1514917503, 6.99),
(121508, 4, 1514917504, 97),
(121509, 1, 1514917801, 20.9),
(121510, 2, 1514917801, 26.1),
(121511, 3, 1514917803, 7),
(121512, 4, 1514917805, 97),
(121513, 1, 1514918102, 20.9),
(121514, 2, 1514918102, 26.2),
(121515, 3, 1514918104, 7),
(121516, 4, 1514918105, 97),
(121517, 1, 1514918401, 20.9),
(121518, 2, 1514918401, 26.2),
(121519, 3, 1514918403, 6.99),
(121520, 4, 1514918404, 97),
(121521, 1, 1514918701, 20.9),
(121522, 2, 1514918701, 26.2),
(121523, 3, 1514918703, 7),
(121524, 4, 1514918704, 97),
(121525, 1, 1514919001, 21),
(121526, 2, 1514919001, 26.1),
(121527, 3, 1514919003, 6.98),
(121528, 4, 1514919005, 97),
(121529, 1, 1514919302, 21),
(121530, 2, 1514919302, 26.1),
(121531, 3, 1514919304, 6.99),
(121532, 4, 1514919305, 97),
(121533, 1, 1514919601, 21.1),
(121534, 2, 1514919601, 26.2),
(121535, 3, 1514919603, 6.99),
(121536, 4, 1514919604, 97),
(121537, 1, 1514919901, 21),
(121538, 2, 1514919901, 26.1),
(121539, 3, 1514919903, 6.99),
(121540, 4, 1514919905, 97),
(121541, 1, 1514920202, 20.9),
(121542, 2, 1514920202, 26.1),
(121543, 3, 1514920204, 6.98),
(121544, 4, 1514920205, 97),
(121545, 1, 1514920501, 21),
(121546, 2, 1514920501, 26.1),
(121547, 3, 1514920503, 6.98),
(121548, 4, 1514920504, 97),
(121549, 1, 1514920801, 21),
(121550, 2, 1514920801, 26.2),
(121551, 3, 1514920803, 6.98),
(121552, 4, 1514920805, 97),
(121553, 1, 1514921102, 21),
(121554, 2, 1514921102, 26.1),
(121555, 3, 1514921104, 6.99),
(121556, 4, 1514921105, 97),
(121557, 1, 1514921401, 21.1),
(121558, 2, 1514921401, 26.1),
(121559, 3, 1514921403, 6.98),
(121560, 4, 1514921404, 97),
(121561, 1, 1514921701, 21),
(121562, 2, 1514921701, 26.1),
(121563, 3, 1514921703, 7),
(121564, 4, 1514921704, 97),
(121565, 1, 1514922001, 21),
(121566, 2, 1514922001, 26.2),
(121567, 3, 1514922003, 7),
(121568, 4, 1514922005, 97),
(121569, 1, 1514922302, 21),
(121570, 2, 1514922302, 26.2),
(121571, 3, 1514922304, 7.01),
(121572, 4, 1514922305, 97),
(121573, 1, 1514922601, 21),
(121574, 2, 1514922601, 26.1),
(121575, 3, 1514922603, 6.98),
(121576, 4, 1514922604, 97),
(121577, 1, 1514922901, 20.9),
(121578, 2, 1514922901, 26.1),
(121579, 3, 1514922903, 7),
(121580, 4, 1514922904, 97),
(121581, 1, 1514923201, 21),
(121582, 2, 1514923201, 26.2),
(121583, 3, 1514923203, 6.98),
(121584, 4, 1514923205, 97),
(121585, 1, 1514923501, 21),
(121586, 2, 1514923501, 26.1),
(121587, 3, 1514923503, 6.99),
(121588, 4, 1514923504, 97),
(121589, 1, 1514923801, 21),
(121590, 2, 1514923801, 26.1),
(121591, 3, 1514923803, 6.98),
(121592, 4, 1514923804, 97),
(121593, 1, 1514924101, 21.1),
(121594, 2, 1514924101, 26.1),
(121595, 3, 1514924104, 6.97),
(121596, 4, 1514924106, 97),
(121597, 1, 1514924402, 21),
(121598, 2, 1514924402, 26.1),
(121599, 3, 1514924404, 6.99),
(121600, 4, 1514924405, 97),
(121601, 1, 1514924701, 21),
(121602, 2, 1514924701, 26.1),
(121603, 3, 1514924705, 7),
(121604, 4, 1514924706, 97),
(121605, 1, 1514925001, 20.9),
(121606, 2, 1514925001, 26.1),
(121607, 3, 1514925003, 7),
(121608, 4, 1514925004, 97),
(121609, 1, 1514925301, 21),
(121610, 2, 1514925301, 26.1),
(121611, 3, 1514925303, 6.99),
(121612, 4, 1514925305, 97),
(121613, 1, 1514925602, 20.9),
(121614, 2, 1514925602, 26.1),
(121615, 3, 1514925604, 7.01),
(121616, 4, 1514925605, 97),
(121617, 1, 1514925901, 20.9),
(121618, 2, 1514925901, 26.1),
(121619, 3, 1514925903, 7.02),
(121620, 4, 1514925904, 97),
(121621, 1, 1514926201, 20.9),
(121622, 2, 1514926201, 26.1),
(121623, 3, 1514926203, 7.02),
(121624, 4, 1514926204, 97),
(121625, 1, 1514926501, 20.9),
(121626, 2, 1514926501, 26.1),
(121627, 3, 1514926503, 7.02),
(121628, 4, 1514926505, 97),
(121629, 1, 1514926802, 20.9),
(121630, 2, 1514926802, 26.1),
(121631, 3, 1514926804, 7.03),
(121632, 4, 1514926805, 97),
(121633, 1, 1514927101, 20.9),
(121634, 2, 1514927101, 26),
(121635, 3, 1514927103, 7.05),
(121636, 4, 1514927104, 97),
(121637, 1, 1514927401, 20.9),
(121638, 2, 1514927401, 26),
(121639, 3, 1514927403, 7.04),
(121640, 4, 1514927405, 97),
(121641, 1, 1514927702, 20.9),
(121642, 2, 1514927702, 26),
(121643, 3, 1514927704, 7.06),
(121644, 4, 1514927705, 97),
(121645, 1, 1514928001, 20.9),
(121646, 2, 1514928001, 26),
(121647, 3, 1514928003, 7.04),
(121648, 4, 1514928004, 97),
(121649, 1, 1514928301, 20.9),
(121650, 2, 1514928301, 26),
(121651, 3, 1514928303, 7.06),
(121652, 4, 1514928305, 97),
(121653, 1, 1514928601, 20.9),
(121654, 2, 1514928601, 26),
(121655, 3, 1514928604, 7.05),
(121656, 4, 1514928605, 96),
(121657, 1, 1514928901, 20.9),
(121658, 2, 1514928901, 26),
(121659, 3, 1514928903, 7.05),
(121660, 4, 1514928904, 97),
(121661, 1, 1514929201, 20.9),
(121662, 2, 1514929201, 25.9),
(121663, 3, 1514929203, 7.06),
(121664, 4, 1514929204, 97),
(121665, 1, 1514929501, 20.9),
(121666, 2, 1514929501, 25.9),
(121667, 3, 1514929503, 7.05),
(121668, 4, 1514929505, 97),
(121669, 1, 1514929802, 20.9),
(121670, 2, 1514929802, 25.9),
(121671, 3, 1514929804, 7.06),
(121672, 4, 1514929805, 97),
(121673, 1, 1514930101, 20.9),
(121674, 2, 1514930101, 25.9),
(121675, 3, 1514930104, 7.05),
(121676, 4, 1514930105, 97),
(121677, 1, 1514930401, 20.9),
(121678, 2, 1514930401, 25.9),
(121679, 3, 1514930403, 7.04),
(121680, 4, 1514930404, 97),
(121681, 1, 1514930701, 20.9),
(121682, 2, 1514930701, 25.9),
(121683, 3, 1514930703, 7.04),
(121684, 4, 1514930705, 97),
(121685, 1, 1514931002, 20.9),
(121686, 2, 1514931002, 25.9),
(121687, 3, 1514931004, 7.04),
(121688, 4, 1514931005, 97),
(121689, 1, 1514931301, 20.9),
(121690, 2, 1514931301, 25.9),
(121691, 3, 1514931303, 7.05),
(121692, 4, 1514931304, 97),
(121693, 1, 1514931601, 20.9),
(121694, 2, 1514931601, 25.9),
(121695, 3, 1514931603, 7.05),
(121696, 4, 1514931604, 97),
(121697, 1, 1514931901, 20.9),
(121698, 2, 1514931901, 25.9),
(121699, 3, 1514931903, 7.07),
(121700, 4, 1514931905, 97),
(121701, 1, 1514932202, 20.9),
(121702, 2, 1514932202, 25.9),
(121703, 3, 1514932204, 7.07),
(121704, 4, 1514932205, 97),
(121705, 1, 1514932501, 20.9),
(121706, 2, 1514932501, 25.9),
(121707, 3, 1514932503, 7.07),
(121708, 4, 1514932504, 97),
(121709, 1, 1514932801, 20.9),
(121710, 2, 1514932801, 25.9),
(121711, 3, 1514932803, 7.07),
(121712, 4, 1514932805, 97),
(121713, 1, 1514933102, 20.9),
(121714, 2, 1514933102, 25.9),
(121715, 3, 1514933104, 7.09),
(121716, 4, 1514933105, 97),
(121717, 1, 1514933401, 20.9),
(121718, 2, 1514933401, 25.8),
(121719, 3, 1514933403, 7.07),
(121720, 4, 1514933404, 97),
(121721, 1, 1514933701, 20.9),
(121722, 2, 1514933701, 25.8),
(121723, 3, 1514933703, 7.07),
(121724, 4, 1514933704, 97),
(121725, 1, 1514934001, 20.9),
(121726, 2, 1514934001, 25.9),
(121727, 3, 1514934004, 7.08),
(121728, 4, 1514934006, 97),
(121729, 1, 1514934302, 20.9),
(121730, 2, 1514934302, 25.9),
(121731, 3, 1514934304, 7.09),
(121732, 4, 1514934305, 97),
(121733, 1, 1514934601, 20.9),
(121734, 2, 1514934601, 25.8),
(121735, 3, 1514934603, 7.09),
(121736, 4, 1514934604, 97),
(121737, 1, 1514934901, 20.9),
(121738, 2, 1514934901, 25.8),
(121739, 3, 1514934903, 7.09),
(121740, 4, 1514934904, 97),
(121741, 1, 1514935202, 20.9),
(121742, 2, 1514935202, 25.9),
(121743, 3, 1514935204, 7.1),
(121744, 4, 1514935205, 97),
(121745, 1, 1514935501, 20.9),
(121746, 2, 1514935501, 25.8),
(121747, 3, 1514935503, 7.07),
(121748, 4, 1514935504, 96),
(121749, 1, 1514935801, 20.9),
(121750, 2, 1514935801, 25.8),
(121751, 3, 1514935803, 7.08),
(121752, 4, 1514935804, 97),
(121753, 1, 1514936101, 20.9),
(121754, 2, 1514936101, 25.8),
(121755, 3, 1514936103, 7.08),
(121756, 4, 1514936105, 97),
(121757, 1, 1514936401, 20.9),
(121758, 2, 1514936401, 25.8),
(121759, 3, 1514936403, 7.08),
(121760, 4, 1514936404, 97),
(121761, 1, 1514936701, 20.9),
(121762, 2, 1514936701, 25.8),
(121763, 3, 1514936703, 7.08),
(121764, 4, 1514936704, 97),
(121765, 1, 1514937001, 21),
(121766, 2, 1514937001, 25.8),
(121767, 3, 1514937004, 7.09),
(121768, 4, 1514937005, 96),
(121769, 1, 1514937301, 20.9),
(121770, 2, 1514937301, 25.8),
(121771, 3, 1514937303, 7.07),
(121772, 4, 1514937305, 97),
(121773, 1, 1514937601, 20.9),
(121774, 2, 1514937601, 25.8),
(121775, 3, 1514937603, 7.07),
(121776, 4, 1514937604, 97),
(121777, 1, 1514937901, 20.9),
(121778, 2, 1514937901, 25.8),
(121779, 3, 1514937903, 7.08),
(121780, 4, 1514937904, 96),
(121781, 1, 1514938201, 20.9),
(121782, 2, 1514938201, 25.8),
(121783, 3, 1514938203, 7.07),
(121784, 4, 1514938205, 96),
(121785, 1, 1514938502, 20.9),
(121786, 2, 1514938502, 25.8),
(121787, 3, 1514938504, 7.07),
(121788, 4, 1514938505, 97),
(121789, 1, 1514938801, 20.9),
(121790, 2, 1514938801, 25.8),
(121791, 3, 1514938803, 7.07),
(121792, 4, 1514938804, 97),
(121793, 1, 1514939101, 20.9),
(121794, 2, 1514939101, 25.8),
(121795, 3, 1514939103, 7.08),
(121796, 4, 1514939105, 97),
(121797, 1, 1514939402, 20.9),
(121798, 2, 1514939402, 25.8),
(121799, 3, 1514939404, 7.06),
(121800, 4, 1514939405, 97),
(121801, 1, 1514939701, 20.9),
(121802, 2, 1514939701, 25.8),
(121803, 3, 1514939703, 7.09),
(121804, 4, 1514939704, 97),
(121805, 1, 1514940001, 20.9),
(121806, 2, 1514940001, 25.8),
(121807, 3, 1514940003, 7.09),
(121808, 4, 1514940004, 97),
(121809, 1, 1514940301, 20.9),
(121810, 2, 1514940301, 25.8),
(121811, 3, 1514940303, 7.1),
(121812, 4, 1514940305, 97),
(121813, 1, 1514940601, 20.9),
(121814, 2, 1514940601, 25.8),
(121815, 3, 1514940603, 7.1),
(121816, 4, 1514940604, 97),
(121817, 1, 1514940901, 20.9),
(121818, 2, 1514940901, 25.8),
(121819, 3, 1514940903, 7.08),
(121820, 4, 1514940904, 96),
(121821, 1, 1514941201, 20.9),
(121822, 2, 1514941201, 25.8),
(121823, 3, 1514941203, 7.1),
(121824, 4, 1514941205, 97),
(121825, 1, 1514941501, 20.9),
(121826, 2, 1514941501, 25.8),
(121827, 3, 1514941503, 7.09),
(121828, 4, 1514941505, 97),
(121829, 1, 1514941801, 20.9),
(121830, 2, 1514941801, 25.8),
(121831, 3, 1514941803, 7.11),
(121832, 4, 1514941804, 97),
(121833, 1, 1514942101, 20.9),
(121834, 2, 1514942101, 25.8),
(121835, 3, 1514942103, 7.09),
(121836, 4, 1514942104, 97),
(121837, 1, 1514942401, 20.9),
(121838, 2, 1514942401, 25.8),
(121839, 3, 1514942403, 7.09),
(121840, 4, 1514942405, 97),
(121841, 1, 1514942702, 20.9),
(121842, 2, 1514942702, 25.8),
(121843, 3, 1514942705, 7.1),
(121844, 4, 1514942706, 97),
(121845, 1, 1514943001, 20.9),
(121846, 2, 1514943001, 25.8),
(121847, 3, 1514943003, 7.1),
(121848, 4, 1514943004, 97),
(121849, 1, 1514943301, 20.9),
(121850, 2, 1514943301, 25.8),
(121851, 3, 1514943303, 7.09),
(121852, 4, 1514943304, 97),
(121853, 1, 1514943601, 20.9),
(121854, 2, 1514943601, 25.8),
(121855, 3, 1514943604, 7.09),
(121856, 4, 1514943605, 97),
(121857, 1, 1514943901, 20.9),
(121858, 2, 1514943901, 25.8),
(121859, 3, 1514943903, 7.09),
(121860, 4, 1514943904, 97),
(121861, 1, 1514944201, 20.9),
(121862, 2, 1514944201, 25.8),
(121863, 3, 1514944203, 7.08),
(121864, 4, 1514944204, 97),
(121865, 1, 1514944501, 20.9),
(121866, 2, 1514944501, 25.8),
(121867, 3, 1514944503, 7.09),
(121868, 4, 1514944504, 97),
(121869, 1, 1514944801, 20.9),
(121870, 2, 1514944801, 25.8),
(121871, 3, 1514944804, 7.08),
(121872, 4, 1514944806, 97),
(121873, 1, 1514945102, 20.9),
(121874, 2, 1514945102, 25.8),
(121875, 3, 1514945104, 7.08),
(121876, 4, 1514945105, 97),
(121877, 1, 1514945401, 20.9),
(121878, 2, 1514945401, 25.7),
(121879, 3, 1514945403, 7.08),
(121880, 4, 1514945404, 97),
(121881, 1, 1514945701, 20.9),
(121882, 2, 1514945701, 25.8),
(121883, 3, 1514945703, 7.07),
(121884, 4, 1514945704, 96),
(121885, 1, 1514946001, 20.9),
(121886, 2, 1514946001, 25.8),
(121887, 3, 1514946003, 7.07),
(121888, 4, 1514946005, 97),
(121889, 1, 1514946302, 20.9),
(121890, 2, 1514946302, 25.7),
(121891, 3, 1514946304, 7.08),
(121892, 4, 1514946305, 97),
(121893, 1, 1514946601, 20.9),
(121894, 2, 1514946601, 25.7),
(121895, 3, 1514946604, 7.07),
(121896, 4, 1514946605, 97),
(121897, 1, 1514946901, 20.9),
(121898, 2, 1514946901, 25.8),
(121899, 3, 1514946904, 7.07),
(121900, 4, 1514946905, 97),
(121901, 1, 1514947201, 20.9),
(121902, 2, 1514947201, 25.8),
(121903, 3, 1514947203, 7.09),
(121904, 4, 1514947205, 97),
(121905, 1, 1514947502, 20.9),
(121906, 2, 1514947502, 25.7),
(121907, 3, 1514947505, 7.08),
(121908, 4, 1514947506, 97),
(121909, 1, 1514947801, 20.9),
(121910, 2, 1514947801, 25.8),
(121911, 3, 1514947803, 7.08),
(121912, 4, 1514947804, 97),
(121913, 1, 1514948101, 20.9),
(121914, 2, 1514948101, 25.8),
(121915, 3, 1514948103, 7.08),
(121916, 4, 1514948104, 97),
(121917, 1, 1514948401, 20.9),
(121918, 2, 1514948401, 25.7),
(121919, 3, 1514948403, 7.09),
(121920, 4, 1514948405, 97),
(121921, 1, 1514948702, 20.9),
(121922, 2, 1514948702, 25.7),
(121923, 3, 1514948704, 7.09),
(121924, 4, 1514948705, 96),
(121925, 1, 1514949001, 20.9),
(121926, 2, 1514949001, 25.8),
(121927, 3, 1514949003, 7.09),
(121928, 4, 1514949004, 97),
(121929, 1, 1514949301, 20.9),
(121930, 2, 1514949301, 25.8),
(121931, 3, 1514949303, 7.09),
(121932, 4, 1514949305, 97),
(121933, 1, 1514949602, 20.9),
(121934, 2, 1514949602, 25.7),
(121935, 3, 1514949604, 7.1),
(121936, 4, 1514949605, 97),
(121937, 1, 1514949901, 20.9),
(121938, 2, 1514949901, 25.7),
(121939, 3, 1514949903, 7.1),
(121940, 4, 1514949904, 97),
(121941, 1, 1514950201, 20.9),
(121942, 2, 1514950201, 25.8),
(121943, 3, 1514950203, 7.09),
(121944, 4, 1514950204, 97),
(121945, 1, 1514950501, 20.9),
(121946, 2, 1514950501, 25.8),
(121947, 3, 1514950503, 7.12),
(121948, 4, 1514950505, 97),
(121949, 1, 1514950802, 20.9),
(121950, 2, 1514950802, 25.7),
(121951, 3, 1514950804, 7.1),
(121952, 4, 1514950805, 97),
(121953, 1, 1514951101, 20.9),
(121954, 2, 1514951101, 25.7),
(121955, 3, 1514951103, 7.11),
(121956, 4, 1514951104, 97),
(121957, 1, 1514951401, 20.9),
(121958, 2, 1514951401, 25.8),
(121959, 3, 1514951403, 7.1),
(121960, 4, 1514951405, 97),
(121961, 1, 1514951702, 20.9),
(121962, 2, 1514951702, 25.7),
(121963, 3, 1514951704, 7.11),
(121964, 4, 1514951705, 97),
(121965, 1, 1514952001, 20.9),
(121966, 2, 1514952001, 25.7),
(121967, 3, 1514952003, 7.1),
(121968, 4, 1514952004, 97),
(121969, 1, 1514952301, 20.9),
(121970, 2, 1514952301, 25.7),
(121971, 3, 1514952303, 7.1),
(121972, 4, 1514952304, 96),
(121973, 1, 1514952601, 20.9),
(121974, 2, 1514952601, 25.7),
(121975, 3, 1514952604, 7.1),
(121976, 4, 1514952605, 97),
(121977, 1, 1514952901, 20.9),
(121978, 2, 1514952901, 25.7),
(121979, 3, 1514952904, 7.1),
(121980, 4, 1514952905, 97),
(121981, 1, 1514953201, 20.9),
(121982, 2, 1514953201, 25.7),
(121983, 3, 1514953203, 7.09),
(121984, 4, 1514953204, 97),
(121985, 1, 1514953501, 20.9),
(121986, 2, 1514953501, 25.8),
(121987, 3, 1514953503, 7.1),
(121988, 4, 1514953504, 97),
(121989, 1, 1514953801, 20.9),
(121990, 2, 1514953801, 25.8),
(121991, 3, 1514953803, 7.08),
(121992, 4, 1514953805, 97),
(121993, 1, 1514954102, 20.9),
(121994, 2, 1514954102, 25.7),
(121995, 3, 1514954104, 7.08),
(121996, 4, 1514954105, 97),
(121997, 1, 1514954401, 20.9),
(121998, 2, 1514954401, 25.7),
(121999, 3, 1514954403, 7.07),
(122000, 4, 1514954404, 96),
(122001, 1, 1514954701, 20.9),
(122002, 2, 1514954701, 25.8),
(122003, 3, 1514954703, 7.08),
(122004, 4, 1514954705, 97),
(122005, 1, 1514955002, 20.9),
(122006, 2, 1514955002, 25.7),
(122007, 3, 1514955004, 7.09),
(122008, 4, 1514955005, 97),
(122009, 1, 1514955301, 20.9),
(122010, 2, 1514955301, 25.7),
(122011, 3, 1514955303, 7.09),
(122012, 4, 1514955304, 97),
(122013, 1, 1514955601, 20.9),
(122014, 2, 1514955601, 25.7),
(122015, 3, 1514955603, 7.09),
(122016, 4, 1514955604, 97),
(122017, 1, 1514955901, 20.9),
(122018, 2, 1514955901, 25.8),
(122019, 3, 1514955903, 7.1),
(122020, 4, 1514955905, 97),
(122021, 1, 1514956202, 20.9),
(122022, 2, 1514956202, 25.7),
(122023, 3, 1514956204, 7.08),
(122024, 4, 1514956205, 97),
(122025, 1, 1514956501, 20.9),
(122026, 2, 1514956501, 25.7),
(122027, 3, 1514956503, 7.09),
(122028, 4, 1514956504, 96),
(122029, 1, 1514956801, 20.9),
(122030, 2, 1514956801, 25.7),
(122031, 3, 1514956803, 7.1),
(122032, 4, 1514956805, 96),
(122033, 1, 1514957102, 20.9),
(122034, 2, 1514957102, 25.8),
(122035, 3, 1514957104, 7.1),
(122036, 4, 1514957105, 97),
(122037, 1, 1514957401, 20.9),
(122038, 2, 1514957401, 25.7),
(122039, 3, 1514957403, 7.1),
(122040, 4, 1514957404, 97),
(122041, 1, 1514957701, 20.9),
(122042, 2, 1514957701, 25.7),
(122043, 3, 1514957703, 7.1),
(122044, 4, 1514957704, 97),
(122045, 1, 1514958002, 20.9),
(122046, 2, 1514958002, 25.7),
(122047, 3, 1514958004, 7.11),
(122048, 4, 1514958005, 96),
(122049, 1, 1514958301, 20.9),
(122050, 2, 1514958301, 25.7),
(122051, 3, 1514958303, 7.1),
(122052, 4, 1514958304, 96),
(122053, 1, 1514958601, 20.8),
(122054, 2, 1514958601, 25.7),
(122055, 3, 1514958603, 7.1),
(122056, 4, 1514958604, 97),
(122057, 1, 1514958901, 20.8),
(122058, 2, 1514958901, 25.7),
(122059, 3, 1514958903, 7.1),
(122060, 4, 1514958905, 96),
(122061, 1, 1514959202, 20.8),
(122062, 2, 1514959202, 25.7),
(122063, 3, 1514959204, 7.09),
(122064, 4, 1514959205, 96),
(122065, 1, 1514959501, 20.9),
(122066, 2, 1514959501, 25.7),
(122067, 3, 1514959503, 7.1),
(122068, 4, 1514959504, 96),
(122069, 1, 1514959801, 20.8),
(122070, 2, 1514959801, 25.8),
(122071, 3, 1514959803, 7.09),
(122072, 4, 1514959804, 96),
(122073, 1, 1514960101, 20.8),
(122074, 2, 1514960101, 25.7),
(122075, 3, 1514960104, 7.09),
(122076, 4, 1514960105, 97),
(122077, 1, 1514960401, 20.8),
(122078, 2, 1514960401, 25.7),
(122079, 3, 1514960403, 7.1),
(122080, 4, 1514960404, 97),
(122081, 1, 1514960701, 20.8),
(122082, 2, 1514960701, 25.7),
(122083, 3, 1514960703, 7.09),
(122084, 4, 1514960704, 96),
(122085, 1, 1514961001, 20.8),
(122086, 2, 1514961001, 25.7),
(122087, 3, 1514961003, 7.08),
(122088, 4, 1514961005, 96),
(122089, 1, 1514961302, 20.9),
(122090, 2, 1514961302, 25.7),
(122091, 3, 1514961304, 7.09),
(122092, 4, 1514961305, 96),
(122093, 1, 1514961601, 20.8),
(122094, 2, 1514961601, 25.7),
(122095, 3, 1514961603, 7.07),
(122096, 4, 1514961604, 96),
(122097, 1, 1514961901, 20.9),
(122098, 2, 1514961901, 25.7),
(122099, 3, 1514961903, 7.08),
(122100, 4, 1514961905, 96),
(122101, 1, 1514962202, 20.9),
(122102, 2, 1514962202, 25.7),
(122103, 3, 1514962204, 7.07),
(122104, 4, 1514962205, 96),
(122105, 1, 1514962501, 20.9),
(122106, 2, 1514962501, 25.6),
(122107, 3, 1514962503, 7.06),
(122108, 4, 1514962504, 97),
(122109, 1, 1514962801, 20.9),
(122110, 2, 1514962801, 25.7),
(122111, 3, 1514962803, 7.07),
(122112, 4, 1514962804, 96),
(122113, 1, 1514963101, 20.9),
(122114, 2, 1514963101, 25.7),
(122115, 3, 1514963104, 7.08),
(122116, 4, 1514963105, 97),
(122117, 1, 1514963401, 20.8),
(122118, 2, 1514963401, 25.7),
(122119, 3, 1514963403, 7.08),
(122120, 4, 1514963404, 96),
(122121, 1, 1514963701, 20.9),
(122122, 2, 1514963701, 25.7),
(122123, 3, 1514963704, 7.08),
(122124, 4, 1514963705, 96),
(122125, 1, 1514964001, 20.8),
(122126, 2, 1514964001, 25.7),
(122127, 3, 1514964003, 7.08),
(122128, 4, 1514964005, 96),
(122129, 1, 1514964302, 20.8),
(122130, 2, 1514964302, 25.7),
(122131, 3, 1514964304, 7.08),
(122132, 4, 1514964305, 96),
(122133, 1, 1514964601, 20.8),
(122134, 2, 1514964601, 25.7),
(122135, 3, 1514964603, 7.08),
(122136, 4, 1514964604, 96),
(122137, 1, 1514964901, 20.8),
(122138, 2, 1514964901, 25.7),
(122139, 3, 1514964903, 7.09),
(122140, 4, 1514964904, 96),
(122141, 1, 1514965202, 20.8),
(122142, 2, 1514965202, 25.6),
(122143, 3, 1514965204, 7.1),
(122144, 4, 1514965206, 96),
(122145, 1, 1514965502, 20.8),
(122146, 2, 1514965502, 25.7),
(122147, 3, 1514965504, 7.1),
(122148, 4, 1514965505, 96),
(122149, 1, 1514965801, 20.8),
(122150, 2, 1514965801, 25.7),
(122151, 3, 1514965804, 7.1),
(122152, 4, 1514965805, 96),
(122153, 1, 1514966101, 20.8),
(122154, 2, 1514966101, 25.7),
(122155, 3, 1514966103, 7.1),
(122156, 4, 1514966104, 96),
(122157, 1, 1514966401, 20.8),
(122158, 2, 1514966401, 25.6),
(122159, 3, 1514966404, 7.1),
(122160, 4, 1514966405, 96),
(122161, 1, 1514966701, 20.8),
(122162, 2, 1514966701, 25.7),
(122163, 3, 1514966704, 7.09),
(122164, 4, 1514966705, 96),
(122165, 1, 1514967001, 20.8),
(122166, 2, 1514967001, 25.7),
(122167, 3, 1514967003, 7.1),
(122168, 4, 1514967004, 97),
(122169, 1, 1514967301, 20.8),
(122170, 2, 1514967301, 25.7),
(122171, 3, 1514967304, 7.09),
(122172, 4, 1514967305, 96),
(122173, 1, 1514967602, 20.9),
(122174, 2, 1514967602, 25.7),
(122175, 3, 1514967604, 7.09),
(122176, 4, 1514967605, 96),
(122177, 1, 1514967901, 20.8),
(122178, 2, 1514967901, 25.6),
(122179, 3, 1514967903, 7.09),
(122180, 4, 1514967904, 96),
(122181, 1, 1514968201, 20.9),
(122182, 2, 1514968201, 25.7),
(122183, 3, 1514968203, 7.1),
(122184, 4, 1514968204, 96),
(122185, 1, 1514968501, 20.9),
(122186, 2, 1514968501, 25.7),
(122187, 3, 1514968503, 7.08),
(122188, 4, 1514968505, 96),
(122189, 1, 1514968802, 20.9),
(122190, 2, 1514968802, 25.6),
(122191, 3, 1514968805, 7.07),
(122192, 4, 1514968806, 96),
(122193, 1, 1514969101, 20.9),
(122194, 2, 1514969101, 25.6),
(122195, 3, 1514969103, 7.06),
(122196, 4, 1514969104, 96),
(122197, 1, 1514969401, 20.9),
(122198, 2, 1514969401, 25.6),
(122199, 3, 1514969404, 7.1),
(122200, 4, 1514969405, 96),
(122201, 1, 1514969701, 20.9),
(122202, 2, 1514969701, 25.6),
(122203, 3, 1514969703, 7.07),
(122204, 4, 1514969705, 96),
(122205, 1, 1514970002, 20.9),
(122206, 2, 1514970002, 25.6),
(122207, 3, 1514970004, 7.07),
(122208, 4, 1514970005, 96),
(122209, 1, 1514970301, 20.9),
(122210, 2, 1514970301, 25.6),
(122211, 3, 1514970303, 7.07),
(122212, 4, 1514970304, 96),
(122213, 1, 1514970601, 20.9),
(122214, 2, 1514970601, 25.7),
(122215, 3, 1514970603, 7.07),
(122216, 4, 1514970605, 96),
(122217, 1, 1514970901, 20.9),
(122218, 2, 1514970901, 25.6),
(122219, 3, 1514970903, 7.07),
(122220, 4, 1514970905, 96),
(122221, 1, 1514971201, 20.9),
(122222, 2, 1514971201, 25.6),
(122223, 3, 1514971203, 7.07),
(122224, 4, 1514971204, 96),
(122225, 1, 1514971501, 20.9),
(122226, 2, 1514971501, 25.6),
(122227, 3, 1514971503, 7.07),
(122228, 4, 1514971504, 96),
(122229, 1, 1514971801, 21),
(122230, 2, 1514971801, 25.7),
(122231, 3, 1514971803, 7.04),
(122232, 4, 1514971805, 96),
(122233, 1, 1514972102, 21),
(122234, 2, 1514972102, 25.6),
(122235, 3, 1514972104, 7.05),
(122236, 4, 1514972105, 96),
(122237, 1, 1514972401, 21),
(122238, 2, 1514972401, 25.6),
(122239, 3, 1514972403, 7.06),
(122240, 4, 1514972404, 96),
(122241, 1, 1514972701, 21),
(122242, 2, 1514972701, 25.7),
(122243, 3, 1514972704, 7.06),
(122244, 4, 1514972705, 96),
(122245, 1, 1514973001, 21),
(122246, 2, 1514973001, 25.7),
(122247, 3, 1514973003, 7.06),
(122248, 4, 1514973005, 96),
(122249, 1, 1514973302, 21),
(122250, 2, 1514973302, 25.6),
(122251, 3, 1514973304, 7.05),
(122252, 4, 1514973305, 96),
(122253, 1, 1514973601, 21.1),
(122254, 2, 1514973601, 25.6),
(122255, 3, 1514973603, 7.05),
(122256, 4, 1514973604, 96),
(122257, 1, 1514973901, 21),
(122258, 2, 1514973901, 25.7),
(122259, 3, 1514973903, 7.05),
(122260, 4, 1514973904, 96),
(122261, 1, 1514974202, 21),
(122262, 2, 1514974202, 25.6),
(122263, 3, 1514974204, 7.05),
(122264, 4, 1514974205, 96),
(122265, 1, 1514974501, 21.1),
(122266, 2, 1514974501, 25.6),
(122267, 3, 1514974503, 7.04),
(122268, 4, 1514974504, 96);
INSERT INTO `value` (`id`, `id_sensor`, `timestamp`, `value`) VALUES
(122269, 1, 1514974801, 21.1),
(122270, 2, 1514974801, 25.7),
(122271, 3, 1514974803, 7.06),
(122272, 4, 1514974804, 96),
(122273, 1, 1514975101, 21.1),
(122274, 2, 1514975101, 25.7),
(122275, 3, 1514975104, 7.05),
(122276, 4, 1514975105, 96),
(122277, 1, 1514975401, 21.1),
(122278, 2, 1514975401, 25.7),
(122279, 3, 1514975403, 7.03),
(122280, 4, 1514975404, 96),
(122281, 1, 1514975701, 21.1),
(122282, 2, 1514975701, 25.7),
(122283, 3, 1514975703, 7.05),
(122284, 4, 1514975704, 96),
(122285, 1, 1514976001, 21.1),
(122286, 2, 1514976001, 25.7),
(122287, 3, 1514976003, 7.03),
(122288, 4, 1514976005, 96),
(122289, 1, 1514976302, 21.1),
(122290, 2, 1514976302, 25.7),
(122291, 3, 1514976304, 7.05),
(122292, 4, 1514976305, 96),
(122293, 1, 1514976601, 21),
(122294, 2, 1514976601, 25.7),
(122295, 3, 1514976603, 7.05),
(122296, 4, 1514976604, 96),
(122297, 1, 1514976901, 21.1),
(122298, 2, 1514976901, 25.7),
(122299, 3, 1514976903, 7.04),
(122300, 4, 1514976904, 96),
(122301, 1, 1514977201, 21.1),
(122302, 2, 1514977201, 25.8),
(122303, 3, 1514977203, 7.05),
(122304, 4, 1514977205, 96),
(122305, 1, 1514977501, 21.1),
(122306, 2, 1514977501, 25.7),
(122307, 3, 1514977503, 7.04),
(122308, 4, 1514977504, 96),
(122309, 1, 1514977801, 21),
(122310, 2, 1514977801, 25.8),
(122311, 3, 1514977803, 7.04),
(122312, 4, 1514977804, 96),
(122313, 1, 1514978101, 21.1),
(122314, 2, 1514978101, 25.8),
(122315, 3, 1514978104, 7.04),
(122316, 4, 1514978105, 96),
(122317, 1, 1514978402, 21),
(122318, 2, 1514978402, 25.7),
(122319, 3, 1514978404, 7.03),
(122320, 4, 1514978405, 96),
(122321, 1, 1514978701, 21),
(122322, 2, 1514978701, 25.8),
(122323, 3, 1514978703, 7.04),
(122324, 4, 1514978704, 96),
(122325, 1, 1514979001, 21.1),
(122326, 2, 1514979001, 25.8),
(122327, 3, 1514979003, 7.04),
(122328, 4, 1514979004, 96),
(122329, 1, 1514979301, 21.1),
(122330, 2, 1514979301, 25.8),
(122331, 3, 1514979303, 7.02),
(122332, 4, 1514979305, 96),
(122333, 1, 1514979602, 21),
(122334, 2, 1514979602, 25.7),
(122335, 3, 1514979604, 7.03),
(122336, 4, 1514979605, 96),
(122337, 1, 1514979901, 21),
(122338, 2, 1514979901, 25.8),
(122339, 3, 1514979903, 7.01),
(122340, 4, 1514979904, 96),
(122341, 1, 1514980201, 21),
(122342, 2, 1514980201, 25.8),
(122343, 3, 1514980203, 7.04),
(122344, 4, 1514980204, 96),
(122345, 1, 1514980501, 21),
(122346, 2, 1514980501, 25.8),
(122347, 3, 1514980503, 7.02),
(122348, 4, 1514980505, 96),
(122349, 1, 1514980802, 21.1),
(122350, 2, 1514980802, 25.8),
(122351, 3, 1514980804, 7.02),
(122352, 4, 1514980805, 96),
(122353, 1, 1514981101, 21.1),
(122354, 2, 1514981101, 25.8),
(122355, 3, 1514981103, 7.04),
(122356, 4, 1514981104, 96),
(122357, 1, 1514981401, 21.1),
(122358, 2, 1514981401, 25.8),
(122359, 3, 1514981403, 7.04),
(122360, 4, 1514981405, 96),
(122361, 1, 1514981702, 21.1),
(122362, 2, 1514981702, 25.8),
(122363, 3, 1514981704, 7.03),
(122364, 4, 1514981705, 96),
(122365, 1, 1514982001, 21.1),
(122366, 2, 1514982001, 25.8),
(122367, 3, 1514982003, 7.03),
(122368, 4, 1514982004, 96),
(122369, 1, 1514982301, 21.1),
(122370, 2, 1514982301, 25.8),
(122371, 3, 1514982303, 7.04),
(122372, 4, 1514982304, 96),
(122373, 1, 1514982601, 21.1),
(122374, 2, 1514982601, 25.8),
(122375, 3, 1514982603, 7.05),
(122376, 4, 1514982605, 96),
(122377, 1, 1514982902, 21.1),
(122378, 2, 1514982902, 25.8),
(122379, 3, 1514982904, 7.03),
(122380, 4, 1514982905, 96),
(122381, 1, 1514983201, 21.1),
(122382, 2, 1514983201, 25.8),
(122383, 3, 1514983203, 7.03),
(122384, 4, 1514983204, 96),
(122385, 1, 1514983501, 21.2),
(122386, 2, 1514983501, 25.8),
(122387, 3, 1514983503, 7.03),
(122388, 4, 1514983505, 96),
(122389, 1, 1514983802, 21.1),
(122390, 2, 1514983802, 25.8),
(122391, 3, 1514983804, 7.02),
(122392, 4, 1514983805, 96),
(122393, 1, 1514984101, 21.1),
(122394, 2, 1514984101, 25.8),
(122395, 3, 1514984103, 7.03),
(122396, 4, 1514984104, 96),
(122397, 1, 1514984401, 21.1),
(122398, 2, 1514984401, 25.8),
(122399, 3, 1514984403, 7.04),
(122400, 4, 1514984404, 96),
(122401, 1, 1514984701, 21.1),
(122402, 2, 1514984701, 25.8),
(122403, 3, 1514984703, 7.02),
(122404, 4, 1514984705, 96),
(122405, 1, 1514985001, 21.1),
(122406, 2, 1514985001, 25.8),
(122407, 3, 1514985003, 7.04),
(122408, 4, 1514985004, 96),
(122409, 1, 1514985301, 21.1),
(122410, 2, 1514985301, 25.8),
(122411, 3, 1514985303, 7.03),
(122412, 4, 1514985304, 96),
(122413, 1, 1514985601, 21.1),
(122414, 2, 1514985601, 25.8),
(122415, 3, 1514985603, 7.02),
(122416, 4, 1514985605, 96),
(122417, 1, 1514985902, 21.1),
(122418, 2, 1514985902, 25.8),
(122419, 3, 1514985904, 7.02),
(122420, 4, 1514985905, 96),
(122421, 1, 1514986201, 21.1),
(122422, 2, 1514986201, 25.8),
(122423, 3, 1514986203, 7.04),
(122424, 4, 1514986204, 96),
(122425, 1, 1514986501, 21.1),
(122426, 2, 1514986501, 25.8),
(122427, 3, 1514986503, 7.04),
(122428, 4, 1514986504, 96),
(122429, 1, 1514986801, 21.1),
(122430, 2, 1514986801, 25.8),
(122431, 3, 1514986803, 7.03),
(122432, 4, 1514986805, 96),
(122433, 1, 1514987102, 21.1),
(122434, 2, 1514987102, 25.8),
(122435, 3, 1514987104, 7.04),
(122436, 4, 1514987105, 96),
(122437, 1, 1514987401, 21.4),
(122438, 2, 1514987401, 25.8),
(122439, 3, 1514987403, 7.01),
(122440, 4, 1514987404, 96),
(122441, 1, 1514987701, 21.3),
(122442, 2, 1514987701, 25.8),
(122443, 3, 1514987703, 7.04),
(122444, 4, 1514987705, 96),
(122445, 1, 1514988002, 21.1),
(122446, 2, 1514988002, 25.8),
(122447, 3, 1514988004, 7.03),
(122448, 4, 1514988005, 96),
(122449, 1, 1514988301, 21.1),
(122450, 2, 1514988301, 25.8),
(122451, 3, 1514988303, 7.06),
(122452, 4, 1514988304, 96),
(122453, 1, 1514988601, 21.1),
(122454, 2, 1514988601, 25.8),
(122455, 3, 1514988603, 7.05),
(122456, 4, 1514988604, 96),
(122457, 1, 1514988901, 21.1),
(122458, 2, 1514988901, 25.8),
(122459, 3, 1514988904, 7.05),
(122460, 4, 1514988906, 96),
(122461, 1, 1514989202, 21.1),
(122462, 2, 1514989202, 25.8),
(122463, 3, 1514989204, 7.04),
(122464, 4, 1514989205, 96),
(122465, 1, 1514989501, 21.1),
(122466, 2, 1514989501, 25.8),
(122467, 3, 1514989503, 7.04),
(122468, 4, 1514989504, 96),
(122469, 1, 1514989801, 21.1),
(122470, 2, 1514989801, 25.8),
(122471, 3, 1514989803, 7.06),
(122472, 4, 1514989805, 96),
(122473, 1, 1514990102, 21.1),
(122474, 2, 1514990102, 25.8),
(122475, 3, 1514990104, 7.06),
(122476, 4, 1514990105, 96),
(122477, 1, 1514990401, 21.1),
(122478, 2, 1514990401, 25.8),
(122479, 3, 1514990403, 7.06),
(122480, 4, 1514990404, 96),
(122481, 1, 1514990701, 21.1),
(122482, 2, 1514990701, 25.8),
(122483, 3, 1514990703, 7.04),
(122484, 4, 1514990704, 96),
(122485, 1, 1514991001, 21.1),
(122486, 2, 1514991001, 25.8),
(122487, 3, 1514991004, 7.07),
(122488, 4, 1514991005, 96),
(122489, 1, 1514991301, 21.1),
(122490, 2, 1514991301, 25.8),
(122491, 3, 1514991304, 7.04),
(122492, 4, 1514991305, 96),
(122493, 1, 1514991601, 21.1),
(122494, 2, 1514991601, 25.8),
(122495, 3, 1514991603, 7.06),
(122496, 4, 1514991604, 96),
(122497, 1, 1514991901, 21.1),
(122498, 2, 1514991901, 25.8),
(122499, 3, 1514991903, 7.08),
(122500, 4, 1514991904, 96),
(122501, 1, 1514992201, 21.1),
(122502, 2, 1514992201, 25.8),
(122503, 3, 1514992203, 7.07),
(122504, 4, 1514992205, 96),
(122505, 1, 1514992502, 21.1),
(122506, 2, 1514992502, 25.8),
(122507, 3, 1514992504, 7.07),
(122508, 4, 1514992505, 96),
(122509, 1, 1514992801, 21.1),
(122510, 2, 1514992801, 25.8),
(122511, 3, 1514992803, 7.07),
(122512, 4, 1514992804, 96),
(122513, 1, 1514993101, 21.1),
(122514, 2, 1514993101, 25.8),
(122515, 3, 1514993103, 7.07),
(122516, 4, 1514993104, 96),
(122517, 1, 1514993401, 21.1),
(122518, 2, 1514993401, 25.8),
(122519, 3, 1514993403, 7.07),
(122520, 4, 1514993405, 96),
(122521, 1, 1514993701, 21.1),
(122522, 2, 1514993701, 25.8),
(122523, 3, 1514993703, 7.07),
(122524, 4, 1514993704, 96),
(122525, 1, 1514994001, 21.1),
(122526, 2, 1514994001, 25.8),
(122527, 3, 1514994003, 7.08),
(122528, 4, 1514994004, 96),
(122529, 1, 1514994301, 21.1),
(122530, 2, 1514994301, 25.8),
(122531, 3, 1514994303, 7.09),
(122532, 4, 1514994305, 96),
(122533, 1, 1514994602, 21.1),
(122534, 2, 1514994602, 25.8),
(122535, 3, 1514994604, 7.07),
(122536, 4, 1514994605, 96),
(122537, 1, 1514994901, 21.1),
(122538, 2, 1514994901, 25.8),
(122539, 3, 1514994903, 7.07),
(122540, 4, 1514994904, 96),
(122541, 1, 1514995201, 21.2),
(122542, 2, 1514995201, 25.8),
(122543, 3, 1514995203, 7.08),
(122544, 4, 1514995204, 96),
(122545, 1, 1514995501, 21.2),
(122546, 2, 1514995501, 25.8),
(122547, 3, 1514995503, 7.08),
(122548, 4, 1514995505, 96),
(122549, 1, 1514995802, 21.1),
(122550, 2, 1514995802, 25.8),
(122551, 3, 1514995804, 7.09),
(122552, 4, 1514995805, 96),
(122553, 1, 1514996101, 21.1),
(122554, 2, 1514996101, 25.8),
(122555, 3, 1514996103, 7.08),
(122556, 4, 1514996104, 96),
(122557, 1, 1514996401, 21.1),
(122558, 2, 1514996401, 25.8),
(122559, 3, 1514996403, 7.08),
(122560, 4, 1514996404, 96),
(122561, 1, 1514996701, 21.1),
(122562, 2, 1514996701, 25.8),
(122563, 3, 1514996703, 7.07),
(122564, 4, 1514996705, 96),
(122565, 1, 1514997002, 21.1),
(122566, 2, 1514997002, 25.8),
(122567, 3, 1514997004, 7.09),
(122568, 4, 1514997005, 96),
(122569, 1, 1514997301, 21.1),
(122570, 2, 1514997301, 25.8),
(122571, 3, 1514997303, 7.09),
(122572, 4, 1514997304, 96),
(122573, 1, 1514997601, 21.1),
(122574, 2, 1514997601, 25.8),
(122575, 3, 1514997603, 7.09),
(122576, 4, 1514997604, 96),
(122577, 1, 1514997901, 21.2),
(122578, 2, 1514997901, 25.8),
(122579, 3, 1514997903, 7.08),
(122580, 4, 1514997905, 96),
(122581, 1, 1514998202, 21.1),
(122582, 2, 1514998202, 25.8),
(122583, 3, 1514998204, 7.09),
(122584, 4, 1514998205, 96),
(122585, 1, 1514998501, 21.2),
(122586, 2, 1514998501, 25.8),
(122587, 3, 1514998503, 7.07),
(122588, 4, 1514998504, 96),
(122589, 1, 1514998801, 21.2),
(122590, 2, 1514998801, 25.8),
(122591, 3, 1514998803, 7.09),
(122592, 4, 1514998804, 96),
(122593, 1, 1514999101, 21.1),
(122594, 2, 1514999101, 25.8),
(122595, 3, 1514999103, 7.09),
(122596, 4, 1514999105, 96),
(122597, 1, 1514999402, 21.1),
(122598, 2, 1514999402, 25.8),
(122599, 3, 1514999404, 7.07),
(122600, 4, 1514999405, 96),
(122601, 1, 1514999701, 21.2),
(122602, 2, 1514999701, 25.8),
(122603, 3, 1514999703, 7.09),
(122604, 4, 1514999704, 96),
(122605, 1, 1515000001, 21.1),
(122606, 2, 1515000001, 25.8),
(122607, 3, 1515000003, 7.08),
(122608, 4, 1515000005, 96),
(122609, 1, 1515000302, 21.1),
(122610, 2, 1515000302, 25.8),
(122611, 3, 1515000304, 7.09),
(122612, 4, 1515000305, 96),
(122613, 1, 1515000601, 21.1),
(122614, 2, 1515000601, 25.8),
(122615, 3, 1515000603, 7.08),
(122616, 4, 1515000604, 96),
(122617, 1, 1515000901, 21.1),
(122618, 2, 1515000901, 25.8),
(122619, 3, 1515000903, 7.08),
(122620, 4, 1515000904, 96),
(122621, 1, 1515001201, 21.1),
(122622, 2, 1515001201, 25.8),
(122623, 3, 1515001203, 7.09),
(122624, 4, 1515001205, 96),
(122625, 1, 1515001502, 21.1),
(122626, 2, 1515001502, 25.8),
(122627, 3, 1515001504, 7.08),
(122628, 4, 1515001505, 96),
(122629, 1, 1515001801, 21),
(122630, 2, 1515001801, 25.8),
(122631, 3, 1515001803, 7.08),
(122632, 4, 1515001804, 96),
(122633, 1, 1515002101, 21),
(122634, 2, 1515002101, 25.8),
(122635, 3, 1515002103, 7.09),
(122636, 4, 1515002105, 96),
(122637, 1, 1515002402, 21.1),
(122638, 2, 1515002402, 25.8),
(122639, 3, 1515002404, 7.08),
(122640, 4, 1515002405, 96),
(122641, 1, 1515002701, 21.1),
(122642, 2, 1515002701, 25.8),
(122643, 3, 1515002703, 7.07),
(122644, 4, 1515002704, 96),
(122645, 1, 1515003001, 21),
(122646, 2, 1515003001, 25.8),
(122647, 3, 1515003003, 7.08),
(122648, 4, 1515003004, 96),
(122649, 1, 1515003301, 21),
(122650, 2, 1515003301, 25.8),
(122651, 3, 1515003303, 7.08),
(122652, 4, 1515003305, 96),
(122653, 1, 1515003602, 21),
(122654, 2, 1515003602, 25.8),
(122655, 3, 1515003604, 7.07),
(122656, 4, 1515003605, 96),
(122657, 1, 1515003901, 21),
(122658, 2, 1515003901, 25.8),
(122659, 3, 1515003903, 7.08),
(122660, 1, 1515004201, 21.1),
(122661, 2, 1515004201, 25.8),
(122662, 3, 1515004203, 7.06),
(122663, 4, 1515004204, 96),
(122664, 4, 1515003904, 96),
(122665, 1, 1515004501, 21),
(122666, 2, 1515004501, 25.8),
(122667, 3, 1515004503, 7.09),
(122668, 4, 1515004504, 96),
(122669, 1, 1515004801, 21),
(122670, 2, 1515004801, 25.8),
(122671, 3, 1515004803, 7.1),
(122672, 4, 1515004805, 96),
(122673, 1, 1515005102, 21),
(122674, 2, 1515005102, 25.8),
(122675, 3, 1515005104, 7.08),
(122676, 4, 1515005105, 96),
(122677, 1, 1515005401, 20.9),
(122678, 2, 1515005401, 25.8),
(122679, 3, 1515005403, 7.08),
(122680, 4, 1515005404, 96),
(122681, 1, 1515005701, 21),
(122682, 2, 1515005701, 25.8),
(122683, 3, 1515005703, 7.09),
(122684, 4, 1515005704, 96),
(122685, 1, 1515006001, 21),
(122686, 2, 1515006001, 25.8),
(122687, 3, 1515006003, 7.1),
(122688, 4, 1515006005, 96),
(122689, 1, 1515006301, 21),
(122690, 2, 1515006301, 25.8),
(122691, 3, 1515006304, 7.09),
(122692, 4, 1515006305, 96),
(122693, 1, 1515007202, 21),
(122694, 2, 1515007202, 25.8),
(122695, 3, 1515007204, 7.08),
(122696, 4, 1515007205, 96),
(122697, 1, 1515007501, 21),
(122698, 2, 1515007501, 25.8),
(122699, 3, 1515007503, 7.07),
(122700, 4, 1515007504, 96),
(122701, 1, 1515007801, 21),
(122702, 2, 1515007801, 25.8),
(122703, 3, 1515007803, 7.06),
(122704, 4, 1515007805, 96),
(122705, 1, 1515008101, 21),
(122706, 2, 1515008101, 25.8),
(122707, 3, 1515008103, 7.08),
(122708, 4, 1515008104, 96),
(122709, 1, 1515008401, 21),
(122710, 2, 1515008401, 25.8),
(122711, 3, 1515008403, 7.08),
(122712, 4, 1515008404, 96),
(122713, 1, 1515008701, 21.1),
(122714, 2, 1515008701, 25.8),
(122715, 3, 1515008703, 7.08),
(122716, 4, 1515008705, 96),
(122717, 1, 1515009002, 21.1),
(122718, 2, 1515009002, 25.8),
(122719, 3, 1515009005, 7.09),
(122720, 4, 1515009006, 96),
(122721, 1, 1515009301, 21.1),
(122722, 2, 1515009301, 25.8),
(122723, 3, 1515009303, 7.09),
(122724, 4, 1515009304, 96),
(122725, 1, 1515009602, 21.1),
(122726, 2, 1515009602, 25.8),
(122727, 3, 1515009604, 7.08),
(122728, 4, 1515009605, 96),
(122729, 1, 1515009901, 21.2),
(122730, 2, 1515009901, 25.8),
(122731, 3, 1515009903, 7.08),
(122732, 4, 1515009904, 96),
(122733, 1, 1515010201, 21.1),
(122734, 2, 1515010201, 25.8),
(122735, 3, 1515010203, 7.08),
(122736, 4, 1515010204, 96),
(122737, 1, 1515010501, 21.1),
(122738, 2, 1515010501, 25.8),
(122739, 3, 1515010503, 7.07),
(122740, 4, 1515010504, 96),
(122741, 1, 1515010801, 21.2),
(122742, 2, 1515010801, 25.8),
(122743, 3, 1515010803, 7.08),
(122744, 4, 1515010804, 96),
(122745, 1, 1515011101, 21.2),
(122746, 2, 1515011101, 25.8),
(122747, 3, 1515011103, 7.09),
(122748, 4, 1515011104, 96),
(122749, 1, 1515011401, 21.2),
(122750, 2, 1515011401, 25.8),
(122751, 3, 1515011403, 7.09),
(122752, 4, 1515011404, 96),
(122753, 1, 1515011701, 21.2),
(122754, 2, 1515011701, 25.8),
(122755, 3, 1515011703, 7.09),
(122756, 4, 1515011704, 96),
(122757, 1, 1515012001, 21.2),
(122758, 2, 1515012001, 25.8),
(122759, 3, 1515012003, 7.11),
(122760, 4, 1515012005, 96),
(122761, 1, 1515012301, 21.2),
(122762, 2, 1515012301, 25.8),
(122763, 3, 1515012303, 7.12),
(122764, 4, 1515012304, 96),
(122765, 1, 1515012601, 21.1),
(122766, 2, 1515012601, 25.8),
(122767, 3, 1515012603, 7.1),
(122768, 4, 1515012604, 96),
(122769, 1, 1515012901, 21.2),
(122770, 2, 1515012901, 25.8),
(122771, 3, 1515012903, 7.12),
(122772, 4, 1515012905, 96),
(122773, 1, 1515013201, 21.3),
(122774, 2, 1515013201, 25.8),
(122775, 3, 1515013203, 7.11),
(122776, 4, 1515013205, 96),
(122777, 1, 1515013501, 21.1),
(122778, 2, 1515013501, 25.8),
(122779, 3, 1515013503, 7.11),
(122780, 4, 1515013505, 96),
(122781, 1, 1515013801, 21.1),
(122782, 2, 1515013801, 25.8),
(122783, 3, 1515013803, 7.12),
(122784, 4, 1515013805, 96),
(122785, 1, 1515014101, 21.1),
(122786, 2, 1515014101, 25.8),
(122787, 3, 1515014103, 7.12),
(122788, 4, 1515014104, 96),
(122789, 1, 1515014401, 21.1),
(122790, 2, 1515014401, 25.8),
(122791, 3, 1515014403, 7.14),
(122792, 4, 1515014405, 96),
(122793, 1, 1515014701, 21.1),
(122794, 2, 1515014701, 25.8),
(122795, 3, 1515014703, 7.11),
(122796, 4, 1515014704, 96),
(122797, 1, 1515015001, 21.1),
(122798, 2, 1515015001, 25.8),
(122799, 3, 1515015003, 7.13),
(122800, 4, 1515015004, 96),
(122801, 1, 1515015301, 21.1),
(122802, 2, 1515015301, 25.8),
(122803, 3, 1515015303, 7.11),
(122804, 4, 1515015304, 96);

-- --------------------------------------------------------

--
-- Structure de la table `warning`
--

CREATE TABLE `warning` (
  `id` int(11) NOT NULL,
  `id_sensor` int(3) NOT NULL,
  `sensor` varchar(50) NOT NULL,
  `name` varchar(50) NOT NULL,
  `type` varchar(10) NOT NULL,
  `level` int(1) NOT NULL,
  `message` varchar(255) NOT NULL,
  `advice` varchar(255) NOT NULL,
  `active` int(1) NOT NULL,
  `timestamp_start` int(11) NOT NULL,
  `timestamp_end` int(11) NOT NULL
) ENGINE=MyISAM DEFAULT CHARSET=latin1;

-- --------------------------------------------------------

--
-- Structure de la table `weather`
--

CREATE TABLE `weather` (
  `id` int(11) NOT NULL,
  `timestamp` int(11) NOT NULL,
  `picture` int(11) NOT NULL,
  `text` varchar(255) NOT NULL,
  `temp` float NOT NULL
) ENGINE=MyISAM DEFAULT CHARSET=latin1;

--
-- Déchargement des données de la table `weather`
--

INSERT INTO `weather` (`id`, `timestamp`, `picture`, `text`, `temp`) VALUES
(2161, 1515009300, 18, 'Pluie', 10.2),
(2162, 1515009300, 18, 'Pluie', 10.2),
(2163, 1515009300, 18, 'Pluie', 10.2),
(2164, 1515011700, 18, 'Pluie', 10.6),
(2165, 1515013500, 18, 'Pluie', 10.1),
(2166, 1519753500, 3, 'Partiellement ensoleill&eacute;', 0.6);

--
-- Index pour les tables déchargées
--

--
-- Index pour la table `fishtank`
--
ALTER TABLE `fishtank`
  ADD PRIMARY KEY (`fishtank_id`);

--
-- Index pour la table `sensor`
--
ALTER TABLE `sensor`
  ADD PRIMARY KEY (`id`);

--
-- Index pour la table `users`
--
ALTER TABLE `users`
  ADD PRIMARY KEY (`id`);

--
-- Index pour la table `value`
--
ALTER TABLE `value`
  ADD PRIMARY KEY (`id`),
  ADD KEY `INDEX` (`id_sensor`);

--
-- Index pour la table `warning`
--
ALTER TABLE `warning`
  ADD PRIMARY KEY (`id`);

--
-- Index pour la table `weather`
--
ALTER TABLE `weather`
  ADD PRIMARY KEY (`id`);

--
-- AUTO_INCREMENT pour les tables déchargées
--

--
-- AUTO_INCREMENT pour la table `fishtank`
--
ALTER TABLE `fishtank`
  MODIFY `fishtank_id` mediumint(9) NOT NULL AUTO_INCREMENT, AUTO_INCREMENT=2;

--
-- AUTO_INCREMENT pour la table `sensor`
--
ALTER TABLE `sensor`
  MODIFY `id` int(11) NOT NULL AUTO_INCREMENT, AUTO_INCREMENT=5;

--
-- AUTO_INCREMENT pour la table `users`
--
ALTER TABLE `users`
  MODIFY `id` int(11) NOT NULL AUTO_INCREMENT, AUTO_INCREMENT=4;

--
-- AUTO_INCREMENT pour la table `value`
--
ALTER TABLE `value`
  MODIFY `id` int(11) NOT NULL AUTO_INCREMENT, AUTO_INCREMENT=122805;

--
-- AUTO_INCREMENT pour la table `warning`
--
ALTER TABLE `warning`
  MODIFY `id` int(11) NOT NULL AUTO_INCREMENT, AUTO_INCREMENT=48;

--
-- AUTO_INCREMENT pour la table `weather`
--
ALTER TABLE `weather`
  MODIFY `id` int(11) NOT NULL AUTO_INCREMENT, AUTO_INCREMENT=2167;
COMMIT;
